116050;ENGENHARIA AGRONÔMICA;Bacharelado;Integral;50;CAMPUS DE ARARAS;Araras;SP;UNIVERSIDADE FEDERAL DE SÃO CARLOS;UFSCAR;2.00;1.00;1.00;2.00;1.00;1.00;1.00;1.00;1.00;1.00;.01;Ampla concorrência;25;686.33;.00;2020-01-27T00:45:25;Candidatos autodeclarados pretos, pardos ou indígenas que, independentemente da renda (art. 14, II, Portaria Normativa nº 18/2012), tenham cursado integralmente o ensino médio em escolas públicas (Lei nº 12.711/2012).;5;621.76;.00;2020-01-27T00:45:25;Candidatos autodeclarados pretos, pardos ou indígenas, com renda familiar bruta per capita igual ou inferior a 1,5 salário mínimo e que tenham cursado integralmente o ensino médio em escolas públicas (Lei nº 12.711/2012).;5;603.07;.00;2020-01-27T00:45:25;Candidatos com deficiência que tenham renda familiar bruta per capita igual ou inferior a 1,5 salário mínimo e que tenham cursado integralmente o ensino médio em escolas públicas (Lei nº 12.711/2012).;1;596.24;.00;2020-01-27T00:45:25;Candidatos com deficiência que, independentemente da renda (art. 14, II, Portaria Normativa nº 18/2012), tenham cursado integralmente o ensino médio em escolas públicas (Lei nº 12.711/2012).;1;555.86;.00;2020-01-27T00:45:25;Candidatos com renda familiar bruta per capita igual ou inferior a 1,5 salário mínimo que tenham cursado integralmente o ensino médio em escolas públicas (Lei nº 12.711/2012).;7;642.81;.00;2020-01-27T00:45:25;Candidatos que, independentemente da renda (art. 14, II, Portaria Normativa nº 18/2012), tenham cursado integralmente o ensino médio em escolas públicas (Lei nº 12.711/2012).;6;669.11;.00;2020-01-27T00:45:25
116051;BIOTECNOLOGIA;Bacharelado;Integral;30;CAMPUS DE ARARAS;Araras;SP;UNIVERSIDADE FEDERAL DE SÃO CARLOS;UFSCAR;2.00;1.00;2.00;2.00;2.00;1.00;1.00;1.00;1.00;1.00;.01;Ampla concorrência;15;726.84;.00;2020-01-27T00:45:25;Candidatos autodeclarados pretos, pardos ou indígenas que, independentemente da renda (art. 14, II, Portaria Normativa nº 18/2012), tenham cursado integralmente o ensino médio em escolas públicas (Lei nº 12.711/2012).;3;638.70;.00;2020-01-27T00:45:25;Candidatos autodeclarados pretos, pardos ou indígenas, com renda familiar bruta per capita igual ou inferior a 1,5 salário mínimo e que tenham cursado integralmente o ensino médio em escolas públicas (Lei nº 12.711/2012).;3;663.57;.00;2020-01-27T00:45:25;Candidatos com renda familiar bruta per capita igual ou inferior a 1,5 salário mínimo que tenham cursado integralmente o ensino médio em escolas públicas (Lei nº 12.711/2012).;5;675.32;.00;2020-01-27T00:45:25;Candidatos que, independentemente da renda (art. 14, II, Portaria Normativa nº 18/2012), tenham cursado integralmente o ensino médio em escolas públicas (Lei nº 12.711/2012).;4;700.33;.00;2020-01-27T00:45:25
116052;CIÊNCIAS BIOLÓGICAS;Licenciatura;Noturno;40;CAMPUS DE ARARAS;Araras;SP;UNIVERSIDADE FEDERAL DE SÃO CARLOS;UFSCAR;2.00;1.00;2.00;1.00;2.00;1.00;1.00;1.00;1.00;1.00;.01;Ampla concorrência;20;681.25;.00;2020-01-27T00:45:25;Candidatos autodeclarados pretos, pardos ou indígenas que, independentemente da renda (art. 14, II, Portaria Normativa nº 18/2012), tenham cursado integralmente o ensino médio em escolas públicas (Lei nº 12.711/2012).;4;619.20;.00;2020-01-27T00:45:25;Candidatos autodeclarados pretos, pardos ou indígenas, com renda familiar bruta per capita igual ou inferior a 1,5 salário mínimo e que tenham cursado integralmente o ensino médio em escolas públicas (Lei nº 12.711/2012).;4;625.31;.00;2020-01-27T00:45:25;Candidatos com renda familiar bruta per capita igual ou inferior a 1,5 salário mínimo que tenham cursado integralmente o ensino médio em escolas públicas (Lei nº 12.711/2012).;6;654.98;.00;2020-01-27T00:45:25;Candidatos que, independentemente da renda (art. 14, II, Portaria Normativa nº 18/2012), tenham cursado integralmente o ensino médio em escolas públicas (Lei nº 12.711/2012).;6;667.91;.00;2020-01-27T00:45:25
116053;QUÍMICA;Licenciatura;Noturno;40;CAMPUS DE ARARAS;Araras;SP;UNIVERSIDADE FEDERAL DE SÃO CARLOS;UFSCAR;2.00;1.00;2.00;2.00;2.00;1.00;1.00;1.00;1.00;1.00;.01;Ampla concorrência;20;668.81;.00;2020-01-27T00:45:25;Candidatos autodeclarados pretos, pardos ou indígenas que, independentemente da renda (art. 14, II, Portaria Normativa nº 18/2012), tenham cursado integralmente o ensino médio em escolas públicas (Lei nº 12.711/2012).;4;620.08;.00;2020-01-27T00:45:25;Candidatos autodeclarados pretos, pardos ou indígenas, com renda familiar bruta per capita igual ou inferior a 1,5 salário mínimo e que tenham cursado integralmente o ensino médio em escolas públicas (Lei nº 12.711/2012).;4;614.83;.00;2020-01-27T00:45:25;Candidatos com renda familiar bruta per capita igual ou inferior a 1,5 salário mínimo que tenham cursado integralmente o ensino médio em escolas públicas (Lei nº 12.711/2012).;6;647.94;.00;2020-01-27T00:45:25;Candidatos que, independentemente da renda (art. 14, II, Portaria Normativa nº 18/2012), tenham cursado integralmente o ensino médio em escolas públicas (Lei nº 12.711/2012).;6;661.62;.00;2020-01-27T00:45:25
116194;FÍSICA;Licenciatura;Noturno;40;CAMPUS DE ARARAS;Araras;SP;UNIVERSIDADE FEDERAL DE SÃO CARLOS;UFSCAR;2.00;1.00;2.00;2.00;2.00;1.00;1.00;1.00;1.00;1.00;.01;Ampla concorrência;20;676.17;.00;2020-01-27T00:45:25;Candidatos autodeclarados pretos, pardos ou indígenas que, independentemente da renda (art. 14, II, Portaria Normativa nº 18/2012), tenham cursado integralmente o ensino médio em escolas públicas (Lei nº 12.711/2012).;4;600.84;.00;2020-01-27T00:45:25;Candidatos autodeclarados pretos, pardos ou indígenas, com renda familiar bruta per capita igual ou inferior a 1,5 salário mínimo e que tenham cursado integralmente o ensino médio em escolas públicas (Lei nº 12.711/2012).;4;610.47;.00;2020-01-27T00:45:25;Candidatos com renda familiar bruta per capita igual ou inferior a 1,5 salário mínimo que tenham cursado integralmente o ensino médio em escolas públicas (Lei nº 12.711/2012).;6;629.23;.00;2020-01-27T00:45:25;Candidatos que, independentemente da renda (art. 14, II, Portaria Normativa nº 18/2012), tenham cursado integralmente o ensino médio em escolas públicas (Lei nº 12.711/2012).;6;653.14;.00;2020-01-27T00:45:25
116195;AGROECOLOGIA;Bacharelado;Integral;40;CAMPUS DE ARARAS;Araras;SP;UNIVERSIDADE FEDERAL DE SÃO CARLOS;UFSCAR;2.00;1.00;1.00;1.00;2.00;1.00;1.00;1.00;1.00;1.00;.01;Ampla concorrência;20;668.30;.00;2020-01-27T00:45:25;Candidatos autodeclarados pretos, pardos ou indígenas que, independentemente da renda (art. 14, II, Portaria Normativa nº 18/2012), tenham cursado integralmente o ensino médio em escolas públicas (Lei nº 12.711/2012).;4;621.70;.00;2020-01-27T00:45:25;Candidatos autodeclarados pretos, pardos ou indígenas, com renda familiar bruta per capita igual ou inferior a 1,5 salário mínimo e que tenham cursado integralmente o ensino médio em escolas públicas (Lei nº 12.711/2012).;4;600.50;.00;2020-01-27T00:45:25;Candidatos com renda familiar bruta per capita igual ou inferior a 1,5 salário mínimo que tenham cursado integralmente o ensino médio em escolas públicas (Lei nº 12.711/2012).;6;627.81;.00;2020-01-27T00:45:25;Candidatos que, independentemente da renda (art. 14, II, Portaria Normativa nº 18/2012), tenham cursado integralmente o ensino médio em escolas públicas (Lei nº 12.711/2012).;6;648.67;.00;2020-01-27T00:45:25
116196;CIÊNCIAS BIOLÓGICAS;Bacharelado;Integral;40;CAMPUS SOROCABA;Sorocaba;SP;UNIVERSIDADE FEDERAL DE SÃO CARLOS;UFSCAR;2.00;1.00;2.00;1.00;2.00;1.00;1.00;1.00;1.00;1.00;.01;Ampla concorrência;20;712.29;.00;2020-01-27T00:45:25;Candidatos autodeclarados pretos, pardos ou indígenas que, independentemente da renda (art. 14, II, Portaria Normativa nº 18/2012), tenham cursado integralmente o ensino médio em escolas públicas (Lei nº 12.711/2012).;4;635.73;.00;2020-01-27T00:45:25;Candidatos autodeclarados pretos, pardos ou indígenas, com renda familiar bruta per capita igual ou inferior a 1,5 salário mínimo e que tenham cursado integralmente o ensino médio em escolas públicas (Lei nº 12.711/2012).;4;630.96;.00;2020-01-27T00:45:25;Candidatos com renda familiar bruta per capita igual ou inferior a 1,5 salário mínimo que tenham cursado integralmente o ensino médio em escolas públicas (Lei nº 12.711/2012).;6;679.18;.00;2020-01-27T00:45:25;Candidatos que, independentemente da renda (art. 14, II, Portaria Normativa nº 18/2012), tenham cursado integralmente o ensino médio em escolas públicas (Lei nº 12.711/2012).;6;693.74;.00;2020-01-27T00:45:25
116197;CIÊNCIAS BIOLÓGICAS;Licenciatura;Integral;40;CAMPUS SOROCABA;Sorocaba;SP;UNIVERSIDADE FEDERAL DE SÃO CARLOS;UFSCAR;2.00;1.00;2.00;1.00;2.00;1.00;1.00;1.00;1.00;1.00;.01;Ampla concorrência;20;685.59;.00;2020-01-27T00:45:25;Candidatos autodeclarados pretos, pardos ou indígenas que, independentemente da renda (art. 14, II, Portaria Normativa nº 18/2012), tenham cursado integralmente o ensino médio em escolas públicas (Lei nº 12.711/2012).;4;622.08;.00;2020-01-27T00:45:25;Candidatos autodeclarados pretos, pardos ou indígenas, com renda familiar bruta per capita igual ou inferior a 1,5 salário mínimo e que tenham cursado integralmente o ensino médio em escolas públicas (Lei nº 12.711/2012).;4;602.16;.00;2020-01-27T00:45:25;Candidatos com renda familiar bruta per capita igual ou inferior a 1,5 salário mínimo que tenham cursado integralmente o ensino médio em escolas públicas (Lei nº 12.711/2012).;6;651.05;.00;2020-01-27T00:45:25;Candidatos que, independentemente da renda (art. 14, II, Portaria Normativa nº 18/2012), tenham cursado integralmente o ensino médio em escolas públicas (Lei nº 12.711/2012).;6;667.61;.00;2020-01-27T00:45:25
116198;TURISMO;Bacharelado;Integral;40;CAMPUS SOROCABA;Sorocaba;SP;UNIVERSIDADE FEDERAL DE SÃO CARLOS;UFSCAR;2.00;2.00;2.00;1.00;2.00;1.00;1.00;1.00;1.00;1.00;.01;Ampla concorrência;20;652.50;.00;2020-01-27T00:45:25;Candidatos autodeclarados pretos, pardos ou indígenas que, independentemente da renda (art. 14, II, Portaria Normativa nº 18/2012), tenham cursado integralmente o ensino médio em escolas públicas (Lei nº 12.711/2012).;4;614.60;.00;2020-01-27T00:45:25;Candidatos autodeclarados pretos, pardos ou indígenas, com renda familiar bruta per capita igual ou inferior a 1,5 salário mínimo e que tenham cursado integralmente o ensino médio em escolas públicas (Lei nº 12.711/2012).;4;603.83;.00;2020-01-27T00:45:25;Candidatos com renda familiar bruta per capita igual ou inferior a 1,5 salário mínimo que tenham cursado integralmente o ensino médio em escolas públicas (Lei nº 12.711/2012).;6;623.92;.00;2020-01-27T00:45:25;Candidatos que, independentemente da renda (art. 14, II, Portaria Normativa nº 18/2012), tenham cursado integralmente o ensino médio em escolas públicas (Lei nº 12.711/2012).;6;641.89;.00;2020-01-27T00:45:25
116199;ENGENHARIA DE PRODUÇÃO;Bacharelado;Integral;60;CAMPUS SOROCABA;Sorocaba;SP;UNIVERSIDADE FEDERAL DE SÃO CARLOS;UFSCAR;1.00;1.00;2.00;2.00;2.00;1.00;1.00;1.00;1.00;1.00;.01;Ampla concorrência;30;754.15;.00;2020-01-27T00:45:25;Candidatos autodeclarados pretos, pardos ou indígenas que, independentemente da renda (art. 14, II, Portaria Normativa nº 18/2012), tenham cursado integralmente o ensino médio em escolas públicas (Lei nº 12.711/2012).;6;645.79;.00;2020-01-27T00:45:25;Candidatos autodeclarados pretos, pardos ou indígenas, com renda familiar bruta per capita igual ou inferior a 1,5 salário mínimo e que tenham cursado integralmente o ensino médio em escolas públicas (Lei nº 12.711/2012).;6;669.89;.00;2020-01-27T00:45:25;Candidatos com deficiência que tenham renda familiar bruta per capita igual ou inferior a 1,5 salário mínimo e que tenham cursado integralmente o ensino médio em escolas públicas (Lei nº 12.711/2012).;1;574.94;.00;2020-01-27T00:45:25;Candidatos com deficiência que, independentemente da renda (art. 14, II, Portaria Normativa nº 18/2012), tenham cursado integralmente o ensino médio em escolas públicas (Lei nº 12.711/2012).;1;608.90;.00;2020-01-27T00:45:25;Candidatos com renda familiar bruta per capita igual ou inferior a 1,5 salário mínimo que tenham cursado integralmente o ensino médio em escolas públicas (Lei nº 12.711/2012).;8;686.40;.00;2020-01-27T00:45:25;Candidatos que, independentemente da renda (art. 14, II, Portaria Normativa nº 18/2012), tenham cursado integralmente o ensino médio em escolas públicas (Lei nº 12.711/2012).;8;693.15;.00;2020-01-27T00:45:25
116200;ENGENHARIA FLORESTAL;Bacharelado;Integral;40;CAMPUS SOROCABA;Sorocaba;SP;UNIVERSIDADE FEDERAL DE SÃO CARLOS;UFSCAR;2.00;1.00;2.00;2.00;2.00;1.00;1.00;1.00;1.00;1.00;.01;Ampla concorrência;20;689.22;.00;2020-01-27T00:45:25;Candidatos autodeclarados pretos, pardos ou indígenas que, independentemente da renda (art. 14, II, Portaria Normativa nº 18/2012), tenham cursado integralmente o ensino médio em escolas públicas (Lei nº 12.711/2012).;4;621.10;.00;2020-01-27T00:45:25;Candidatos autodeclarados pretos, pardos ou indígenas, com renda familiar bruta per capita igual ou inferior a 1,5 salário mínimo e que tenham cursado integralmente o ensino médio em escolas públicas (Lei nº 12.711/2012).;4;633.47;.00;2020-01-27T00:45:25;Candidatos com renda familiar bruta per capita igual ou inferior a 1,5 salário mínimo que tenham cursado integralmente o ensino médio em escolas públicas (Lei nº 12.711/2012).;6;650.52;.00;2020-01-27T00:45:25;Candidatos que, independentemente da renda (art. 14, II, Portaria Normativa nº 18/2012), tenham cursado integralmente o ensino médio em escolas públicas (Lei nº 12.711/2012).;6;662.63;.00;2020-01-27T00:45:25
116201;CIÊNCIAS ECONÔMICAS;Bacharelado;Integral;60;CAMPUS SOROCABA;Sorocaba;SP;UNIVERSIDADE FEDERAL DE SÃO CARLOS;UFSCAR;1.00;2.00;2.00;2.00;2.00;1.00;1.00;1.00;1.00;1.00;.01;Ampla concorrência;30;735.36;.00;2020-01-27T00:45:25;Candidatos autodeclarados pretos, pardos ou indígenas que, independentemente da renda (art. 14, II, Portaria Normativa nº 18/2012), tenham cursado integralmente o ensino médio em escolas públicas (Lei nº 12.711/2012).;6;664.00;.00;2020-01-27T00:45:25;Candidatos autodeclarados pretos, pardos ou indígenas, com renda familiar bruta per capita igual ou inferior a 1,5 salário mínimo e que tenham cursado integralmente o ensino médio em escolas públicas (Lei nº 12.711/2012).;6;664.78;.00;2020-01-27T00:45:25;Candidatos com deficiência que tenham renda familiar bruta per capita igual ou inferior a 1,5 salário mínimo e que tenham cursado integralmente o ensino médio em escolas públicas (Lei nº 12.711/2012).;1;613.37;.00;2020-01-27T00:45:25;Candidatos com deficiência que, independentemente da renda (art. 14, II, Portaria Normativa nº 18/2012), tenham cursado integralmente o ensino médio em escolas públicas (Lei nº 12.711/2012).;1;.00;.00;2020-01-27T00:45:25;Candidatos com renda familiar bruta per capita igual ou inferior a 1,5 salário mínimo que tenham cursado integralmente o ensino médio em escolas públicas (Lei nº 12.711/2012).;8;687.91;.00;2020-01-27T00:45:25;Candidatos que, independentemente da renda (art. 14, II, Portaria Normativa nº 18/2012), tenham cursado integralmente o ensino médio em escolas públicas (Lei nº 12.711/2012).;8;706.07;.00;2020-01-27T00:45:25
116202;CIÊNCIA DA COMPUTAÇÃO;Bacharelado;Integral;60;CAMPUS SOROCABA;Sorocaba;SP;UNIVERSIDADE FEDERAL DE SÃO CARLOS;UFSCAR;1.00;1.00;2.00;2.00;2.00;1.00;1.00;1.00;1.00;1.00;.01;Ampla concorrência;30;748.59;.00;2020-01-27T00:45:25;Candidatos autodeclarados pretos, pardos ou indígenas que, independentemente da renda (art. 14, II, Portaria Normativa nº 18/2012), tenham cursado integralmente o ensino médio em escolas públicas (Lei nº 12.711/2012).;6;671.90;.00;2020-01-27T00:45:25;Candidatos autodeclarados pretos, pardos ou indígenas, com renda familiar bruta per capita igual ou inferior a 1,5 salário mínimo e que tenham cursado integralmente o ensino médio em escolas públicas (Lei nº 12.711/2012).;6;670.56;.00;2020-01-27T00:45:25;Candidatos com deficiência que tenham renda familiar bruta per capita igual ou inferior a 1,5 salário mínimo e que tenham cursado integralmente o ensino médio em escolas públicas (Lei nº 12.711/2012).;1;587.65;.00;2020-01-27T00:45:25;Candidatos com deficiência que, independentemente da renda (art. 14, II, Portaria Normativa nº 18/2012), tenham cursado integralmente o ensino médio em escolas públicas (Lei nº 12.711/2012).;1;573.08;.00;2020-01-27T00:45:25;Candidatos com renda familiar bruta per capita igual ou inferior a 1,5 salário mínimo que tenham cursado integralmente o ensino médio em escolas públicas (Lei nº 12.711/2012).;8;712.44;.00;2020-01-27T00:45:25;Candidatos que, independentemente da renda (art. 14, II, Portaria Normativa nº 18/2012), tenham cursado integralmente o ensino médio em escolas públicas (Lei nº 12.711/2012).;8;723.98;.00;2020-01-27T00:45:25
116203;PEDAGOGIA;Licenciatura;Noturno;60;CAMPUS SOROCABA;Sorocaba;SP;UNIVERSIDADE FEDERAL DE SÃO CARLOS;UFSCAR;1.00;2.00;2.00;1.00;2.00;1.00;1.00;1.00;1.00;1.00;.01;Ampla concorrência;30;658.53;.00;2020-01-27T00:45:25;Candidatos autodeclarados pretos, pardos ou indígenas que, independentemente da renda (art. 14, II, Portaria Normativa nº 18/2012), tenham cursado integralmente o ensino médio em escolas públicas (Lei nº 12.711/2012).;6;635.00;.00;2020-01-27T00:45:25;Candidatos autodeclarados pretos, pardos ou indígenas, com renda familiar bruta per capita igual ou inferior a 1,5 salário mínimo e que tenham cursado integralmente o ensino médio em escolas públicas (Lei nº 12.711/2012).;6;616.75;.00;2020-01-27T00:45:25;Candidatos com deficiência que tenham renda familiar bruta per capita igual ou inferior a 1,5 salário mínimo e que tenham cursado integralmente o ensino médio em escolas públicas (Lei nº 12.711/2012).;1;504.79;.00;2020-01-27T00:45:25;Candidatos com deficiência que, independentemente da renda (art. 14, II, Portaria Normativa nº 18/2012), tenham cursado integralmente o ensino médio em escolas públicas (Lei nº 12.711/2012).;1;493.29;.00;2020-01-27T00:45:25;Candidatos com renda familiar bruta per capita igual ou inferior a 1,5 salário mínimo que tenham cursado integralmente o ensino médio em escolas públicas (Lei nº 12.711/2012).;8;645.38;.00;2020-01-27T00:45:25;Candidatos que, independentemente da renda (art. 14, II, Portaria Normativa nº 18/2012), tenham cursado integralmente o ensino médio em escolas públicas (Lei nº 12.711/2012).;8;649.38;.00;2020-01-27T00:45:25
116204;GEOGRAFIA;Licenciatura;Noturno;60;CAMPUS SOROCABA;Sorocaba;SP;UNIVERSIDADE FEDERAL DE SÃO CARLOS;UFSCAR;1.00;2.00;2.00;1.00;2.00;1.00;1.00;1.00;1.00;1.00;.01;Ampla concorrência;30;668.36;.00;2020-01-27T00:45:25;Candidatos autodeclarados pretos, pardos ou indígenas que, independentemente da renda (art. 14, II, Portaria Normativa nº 18/2012), tenham cursado integralmente o ensino médio em escolas públicas (Lei nº 12.711/2012).;6;626.14;.00;2020-01-27T00:45:25;Candidatos autodeclarados pretos, pardos ou indígenas, com renda familiar bruta per capita igual ou inferior a 1,5 salário mínimo e que tenham cursado integralmente o ensino médio em escolas públicas (Lei nº 12.711/2012).;6;610.76;.00;2020-01-27T00:45:25;Candidatos com deficiência que tenham renda familiar bruta per capita igual ou inferior a 1,5 salário mínimo e que tenham cursado integralmente o ensino médio em escolas públicas (Lei nº 12.711/2012).;1;484.83;.00;2020-01-27T00:45:25;Candidatos com deficiência que, independentemente da renda (art. 14, II, Portaria Normativa nº 18/2012), tenham cursado integralmente o ensino médio em escolas públicas (Lei nº 12.711/2012).;1;.00;.00;2020-01-27T00:45:25;Candidatos com renda familiar bruta per capita igual ou inferior a 1,5 salário mínimo que tenham cursado integralmente o ensino médio em escolas públicas (Lei nº 12.711/2012).;8;647.13;.00;2020-01-27T00:45:25;Candidatos que, independentemente da renda (art. 14, II, Portaria Normativa nº 18/2012), tenham cursado integralmente o ensino médio em escolas públicas (Lei nº 12.711/2012).;8;657.44;.00;2020-01-27T00:45:25
116205;ADMINISTRAÇÃO;Bacharelado;Noturno;60;CAMPUS SOROCABA;Sorocaba;SP;UNIVERSIDADE FEDERAL DE SÃO CARLOS;UFSCAR;1.00;1.00;2.00;2.00;2.00;1.00;1.00;1.00;1.00;1.00;.01;Ampla concorrência;30;721.81;.00;2020-01-27T00:45:25;Candidatos autodeclarados pretos, pardos ou indígenas que, independentemente da renda (art. 14, II, Portaria Normativa nº 18/2012), tenham cursado integralmente o ensino médio em escolas públicas (Lei nº 12.711/2012).;6;672.06;.00;2020-01-27T00:45:25;Candidatos autodeclarados pretos, pardos ou indígenas, com renda familiar bruta per capita igual ou inferior a 1,5 salário mínimo e que tenham cursado integralmente o ensino médio em escolas públicas (Lei nº 12.711/2012).;6;659.35;.00;2020-01-27T00:45:25;Candidatos com deficiência que tenham renda familiar bruta per capita igual ou inferior a 1,5 salário mínimo e que tenham cursado integralmente o ensino médio em escolas públicas (Lei nº 12.711/2012).;1;650.03;.00;2020-01-27T00:45:25;Candidatos com deficiência que, independentemente da renda (art. 14, II, Portaria Normativa nº 18/2012), tenham cursado integralmente o ensino médio em escolas públicas (Lei nº 12.711/2012).;1;604.76;.00;2020-01-27T00:45:25;Candidatos com renda familiar bruta per capita igual ou inferior a 1,5 salário mínimo que tenham cursado integralmente o ensino médio em escolas públicas (Lei nº 12.711/2012).;8;681.26;.00;2020-01-27T00:45:25;Candidatos que, independentemente da renda (art. 14, II, Portaria Normativa nº 18/2012), tenham cursado integralmente o ensino médio em escolas públicas (Lei nº 12.711/2012).;8;706.05;.00;2020-01-27T00:45:25
116206;MATEMÁTICA;Licenciatura;Noturno;25;CAMPUS SOROCABA;Sorocaba;SP;UNIVERSIDADE FEDERAL DE SÃO CARLOS;UFSCAR;1.00;1.00;2.00;2.00;2.00;1.00;1.00;1.00;1.00;1.00;.01;Ampla concorrência;12;709.19;.00;2020-01-27T00:45:25;Candidatos autodeclarados pretos, pardos ou indígenas que, independentemente da renda (art. 14, II, Portaria Normativa nº 18/2012), tenham cursado integralmente o ensino médio em escolas públicas (Lei nº 12.711/2012).;3;653.03;.00;2020-01-27T00:45:25;Candidatos autodeclarados pretos, pardos ou indígenas, com renda familiar bruta per capita igual ou inferior a 1,5 salário mínimo e que tenham cursado integralmente o ensino médio em escolas públicas (Lei nº 12.711/2012).;3;603.06;.00;2020-01-27T00:45:25;Candidatos com renda familiar bruta per capita igual ou inferior a 1,5 salário mínimo que tenham cursado integralmente o ensino médio em escolas públicas (Lei nº 12.711/2012).;4;650.13;.00;2020-01-27T00:45:25;Candidatos que, independentemente da renda (art. 14, II, Portaria Normativa nº 18/2012), tenham cursado integralmente o ensino médio em escolas públicas (Lei nº 12.711/2012).;3;681.76;.00;2020-01-27T00:45:25
116207;FÍSICA;Licenciatura;Noturno;25;CAMPUS SOROCABA;Sorocaba;SP;UNIVERSIDADE FEDERAL DE SÃO CARLOS;UFSCAR;2.00;1.00;2.00;2.00;2.00;1.00;1.00;1.00;1.00;1.00;.01;Ampla concorrência;12;691.84;.00;2020-01-27T00:45:25;Candidatos autodeclarados pretos, pardos ou indígenas que, independentemente da renda (art. 14, II, Portaria Normativa nº 18/2012), tenham cursado integralmente o ensino médio em escolas públicas (Lei nº 12.711/2012).;3;568.91;.00;2020-01-27T00:45:25;Candidatos autodeclarados pretos, pardos ou indígenas, com renda familiar bruta per capita igual ou inferior a 1,5 salário mínimo e que tenham cursado integralmente o ensino médio em escolas públicas (Lei nº 12.711/2012).;3;621.77;.00;2020-01-27T00:45:25;Candidatos com renda familiar bruta per capita igual ou inferior a 1,5 salário mínimo que tenham cursado integralmente o ensino médio em escolas públicas (Lei nº 12.711/2012).;4;637.96;.00;2020-01-27T00:45:25;Candidatos que, independentemente da renda (art. 14, II, Portaria Normativa nº 18/2012), tenham cursado integralmente o ensino médio em escolas públicas (Lei nº 12.711/2012).;3;678.23;.00;2020-01-27T00:45:25
116208;QUÍMICA;Licenciatura;Noturno;25;CAMPUS SOROCABA;Sorocaba;SP;UNIVERSIDADE FEDERAL DE SÃO CARLOS;UFSCAR;2.00;1.00;2.00;2.00;2.00;1.00;1.00;1.00;1.00;1.00;.01;Ampla concorrência;12;686.44;.00;2020-01-27T00:45:25;Candidatos autodeclarados pretos, pardos ou indígenas que, independentemente da renda (art. 14, II, Portaria Normativa nº 18/2012), tenham cursado integralmente o ensino médio em escolas públicas (Lei nº 12.711/2012).;3;630.46;.00;2020-01-27T00:45:25;Candidatos autodeclarados pretos, pardos ou indígenas, com renda familiar bruta per capita igual ou inferior a 1,5 salário mínimo e que tenham cursado integralmente o ensino médio em escolas públicas (Lei nº 12.711/2012).;3;620.00;.00;2020-01-27T00:45:25;Candidatos com renda familiar bruta per capita igual ou inferior a 1,5 salário mínimo que tenham cursado integralmente o ensino médio em escolas públicas (Lei nº 12.711/2012).;4;656.06;.00;2020-01-27T00:45:25;Candidatos que, independentemente da renda (art. 14, II, Portaria Normativa nº 18/2012), tenham cursado integralmente o ensino médio em escolas públicas (Lei nº 12.711/2012).;3;664.80;.00;2020-01-27T00:45:25
116209;CIÊNCIAS BIOLÓGICAS;Licenciatura;Noturno;25;CAMPUS SOROCABA;Sorocaba;SP;UNIVERSIDADE FEDERAL DE SÃO CARLOS;UFSCAR;2.00;1.00;2.00;1.00;2.00;1.00;1.00;1.00;1.00;1.00;.01;Ampla concorrência;12;683.59;.00;2020-01-27T00:45:25;Candidatos autodeclarados pretos, pardos ou indígenas que, independentemente da renda (art. 14, II, Portaria Normativa nº 18/2012), tenham cursado integralmente o ensino médio em escolas públicas (Lei nº 12.711/2012).;3;637.78;.00;2020-01-27T00:45:25;Candidatos autodeclarados pretos, pardos ou indígenas, com renda familiar bruta per capita igual ou inferior a 1,5 salário mínimo e que tenham cursado integralmente o ensino médio em escolas públicas (Lei nº 12.711/2012).;3;625.93;.00;2020-01-27T00:45:25;Candidatos com renda familiar bruta per capita igual ou inferior a 1,5 salário mínimo que tenham cursado integralmente o ensino médio em escolas públicas (Lei nº 12.711/2012).;4;664.68;.00;2020-01-27T00:45:25;Candidatos que, independentemente da renda (art. 14, II, Portaria Normativa nº 18/2012), tenham cursado integralmente o ensino médio em escolas públicas (Lei nº 12.711/2012).;3;653.90;.00;2020-01-27T00:45:25
116210;CIÊNCIA DA COMPUTAÇÃO;Bacharelado;Integral;60;UNIDADE SEDE;São Carlos;SP;UNIVERSIDADE FEDERAL DE SÃO CARLOS;UFSCAR;1.00;1.00;2.00;2.00;2.00;1.00;1.00;1.00;1.00;1.00;.01;Ampla concorrência;30;765.31;.00;2020-01-27T00:45:25;Candidatos autodeclarados pretos, pardos ou indígenas que, independentemente da renda (art. 14, II, Portaria Normativa nº 18/2012), tenham cursado integralmente o ensino médio em escolas públicas (Lei nº 12.711/2012).;6;699.20;.00;2020-01-27T00:45:25;Candidatos autodeclarados pretos, pardos ou indígenas, com renda familiar bruta per capita igual ou inferior a 1,5 salário mínimo e que tenham cursado integralmente o ensino médio em escolas públicas (Lei nº 12.711/2012).;6;695.45;.00;2020-01-27T00:45:25;Candidatos com deficiência que tenham renda familiar bruta per capita igual ou inferior a 1,5 salário mínimo e que tenham cursado integralmente o ensino médio em escolas públicas (Lei nº 12.711/2012).;1;572.45;.00;2020-01-27T00:45:25;Candidatos com deficiência que, independentemente da renda (art. 14, II, Portaria Normativa nº 18/2012), tenham cursado integralmente o ensino médio em escolas públicas (Lei nº 12.711/2012).;1;667.11;.00;2020-01-27T00:45:25;Candidatos com renda familiar bruta per capita igual ou inferior a 1,5 salário mínimo que tenham cursado integralmente o ensino médio em escolas públicas (Lei nº 12.711/2012).;8;720.74;.00;2020-01-27T00:45:25;Candidatos que, independentemente da renda (art. 14, II, Portaria Normativa nº 18/2012), tenham cursado integralmente o ensino médio em escolas públicas (Lei nº 12.711/2012).;8;744.61;.00;2020-01-27T00:45:25
116211;ENGENHARIA CIVIL;Bacharelado;Integral;80;UNIDADE SEDE;São Carlos;SP;UNIVERSIDADE FEDERAL DE SÃO CARLOS;UFSCAR;2.00;1.00;2.00;2.00;1.00;1.00;1.00;1.00;1.00;1.00;.01;Ampla concorrência;40;728.25;.00;2020-01-27T00:45:25;Candidatos autodeclarados pretos, pardos ou indígenas que, independentemente da renda (art. 14, II, Portaria Normativa nº 18/2012), tenham cursado integralmente o ensino médio em escolas públicas (Lei nº 12.711/2012).;6;667.43;.00;2020-01-27T00:45:25;Candidatos autodeclarados pretos, pardos ou indígenas, com renda familiar bruta per capita igual ou inferior a 1,5 salário mínimo e que tenham cursado integralmente o ensino médio em escolas públicas (Lei nº 12.711/2012).;6;650.23;.00;2020-01-27T00:45:25;Candidatos com deficiência autodeclarados pretos, pardos ou indígenas que, independentemente da renda (art. 14, II, Portaria Normativa nº 18/2012), tenham cursado integralmente o ensino médio em escolas públicas (Lei nº 12.711/2012).;1;613.26;.00;2020-01-27T00:45:25;Candidatos com deficiência autodeclarados pretos, pardos ou indígenas, que tenham renda familiar bruta per capita igual ou inferior a 1,5 salário mínimo e que tenham cursado integralmente o ensino médio em escolas públicas (Lei nº 12.711/2012);1;632.70;.00;2020-01-27T00:45:25;Candidatos com deficiência que tenham renda familiar bruta per capita igual ou inferior a 1,5 salário mínimo e que tenham cursado integralmente o ensino médio em escolas públicas (Lei nº 12.711/2012).;1;581.19;.00;2020-01-27T00:45:25;Candidatos com deficiência que, independentemente da renda (art. 14, II, Portaria Normativa nº 18/2012), tenham cursado integralmente o ensino médio em escolas públicas (Lei nº 12.711/2012).;1;.00;.00;2020-01-27T00:45:25;Candidatos com renda familiar bruta per capita igual ou inferior a 1,5 salário mínimo que tenham cursado integralmente o ensino médio em escolas públicas (Lei nº 12.711/2012).;12;661.19;.00;2020-01-27T00:45:25;Candidatos que, independentemente da renda (art. 14, II, Portaria Normativa nº 18/2012), tenham cursado integralmente o ensino médio em escolas públicas (Lei nº 12.711/2012).;12;688.99;.00;2020-01-27T00:45:25
116212;ENGENHARIA DE MATERIAIS;Bacharelado;Integral;80;UNIDADE SEDE;São Carlos;SP;UNIVERSIDADE FEDERAL DE SÃO CARLOS;UFSCAR;2.00;1.00;1.00;2.00;1.00;1.00;1.00;1.00;1.00;1.00;.01;Ampla concorrência;40;739.94;.00;2020-01-27T00:45:25;Candidatos autodeclarados pretos, pardos ou indígenas que, independentemente da renda (art. 14, II, Portaria Normativa nº 18/2012), tenham cursado integralmente o ensino médio em escolas públicas (Lei nº 12.711/2012).;6;639.59;.00;2020-01-27T00:45:25;Candidatos autodeclarados pretos, pardos ou indígenas, com renda familiar bruta per capita igual ou inferior a 1,5 salário mínimo e que tenham cursado integralmente o ensino médio em escolas públicas (Lei nº 12.711/2012).;6;640.23;.00;2020-01-27T00:45:25;Candidatos com deficiência autodeclarados pretos, pardos ou indígenas que, independentemente da renda (art. 14, II, Portaria Normativa nº 18/2012), tenham cursado integralmente o ensino médio em escolas públicas (Lei nº 12.711/2012).;1;.00;.00;2020-01-27T00:45:25;Candidatos com deficiência autodeclarados pretos, pardos ou indígenas, que tenham renda familiar bruta per capita igual ou inferior a 1,5 salário mínimo e que tenham cursado integralmente o ensino médio em escolas públicas (Lei nº 12.711/2012);1;542.14;.00;2020-01-27T00:45:25;Candidatos com deficiência que tenham renda familiar bruta per capita igual ou inferior a 1,5 salário mínimo e que tenham cursado integralmente o ensino médio em escolas públicas (Lei nº 12.711/2012).;1;532.47;.00;2020-01-27T00:45:25;Candidatos com deficiência que, independentemente da renda (art. 14, II, Portaria Normativa nº 18/2012), tenham cursado integralmente o ensino médio em escolas públicas (Lei nº 12.711/2012).;1;413.89;.00;2020-01-27T00:45:25;Candidatos com renda familiar bruta per capita igual ou inferior a 1,5 salário mínimo que tenham cursado integralmente o ensino médio em escolas públicas (Lei nº 12.711/2012).;12;661.51;.00;2020-01-27T00:45:25;Candidatos que, independentemente da renda (art. 14, II, Portaria Normativa nº 18/2012), tenham cursado integralmente o ensino médio em escolas públicas (Lei nº 12.711/2012).;12;696.81;.00;2020-01-27T00:45:25
116213;ENGENHARIA QUÍMICA;Bacharelado;Integral;80;UNIDADE SEDE;São Carlos;SP;UNIVERSIDADE FEDERAL DE SÃO CARLOS;UFSCAR;2.00;1.00;2.00;2.00;1.00;1.00;1.00;1.00;1.00;1.00;.01;Ampla concorrência;40;737.40;.00;2020-01-27T00:45:25;Candidatos autodeclarados pretos, pardos ou indígenas que, independentemente da renda (art. 14, II, Portaria Normativa nº 18/2012), tenham cursado integralmente o ensino médio em escolas públicas (Lei nº 12.711/2012).;6;659.60;.00;2020-01-27T00:45:25;Candidatos autodeclarados pretos, pardos ou indígenas, com renda familiar bruta per capita igual ou inferior a 1,5 salário mínimo e que tenham cursado integralmente o ensino médio em escolas públicas (Lei nº 12.711/2012).;6;664.89;.00;2020-01-27T00:45:25;Candidatos com deficiência autodeclarados pretos, pardos ou indígenas que, independentemente da renda (art. 14, II, Portaria Normativa nº 18/2012), tenham cursado integralmente o ensino médio em escolas públicas (Lei nº 12.711/2012).;1;.00;.00;2020-01-27T00:45:25;Candidatos com deficiência autodeclarados pretos, pardos ou indígenas, que tenham renda familiar bruta per capita igual ou inferior a 1,5 salário mínimo e que tenham cursado integralmente o ensino médio em escolas públicas (Lei nº 12.711/2012);1;622.84;.00;2020-01-27T00:45:25;Candidatos com deficiência que tenham renda familiar bruta per capita igual ou inferior a 1,5 salário mínimo e que tenham cursado integralmente o ensino médio em escolas públicas (Lei nº 12.711/2012).;1;547.26;.00;2020-01-27T00:45:25;Candidatos com deficiência que, independentemente da renda (art. 14, II, Portaria Normativa nº 18/2012), tenham cursado integralmente o ensino médio em escolas públicas (Lei nº 12.711/2012).;1;.00;.00;2020-01-27T00:45:25;Candidatos com renda familiar bruta per capita igual ou inferior a 1,5 salário mínimo que tenham cursado integralmente o ensino médio em escolas públicas (Lei nº 12.711/2012).;12;675.71;.00;2020-01-27T00:45:25;Candidatos que, independentemente da renda (art. 14, II, Portaria Normativa nº 18/2012), tenham cursado integralmente o ensino médio em escolas públicas (Lei nº 12.711/2012).;12;699.48;.00;2020-01-27T00:45:25
116214;CIÊNCIAS BIOLÓGICAS;Licenciatura;Integral;30;UNIDADE SEDE;São Carlos;SP;UNIVERSIDADE FEDERAL DE SÃO CARLOS;UFSCAR;2.00;1.00;2.00;1.00;2.00;1.00;1.00;1.00;1.00;1.00;.01;Ampla concorrência;15;706.71;.00;2020-01-27T00:45:25;Candidatos autodeclarados pretos, pardos ou indígenas que, independentemente da renda (art. 14, II, Portaria Normativa nº 18/2012), tenham cursado integralmente o ensino médio em escolas públicas (Lei nº 12.711/2012).;3;640.16;.00;2020-01-27T00:45:25;Candidatos autodeclarados pretos, pardos ou indígenas, com renda familiar bruta per capita igual ou inferior a 1,5 salário mínimo e que tenham cursado integralmente o ensino médio em escolas públicas (Lei nº 12.711/2012).;3;639.86;.00;2020-01-27T00:45:25;Candidatos com renda familiar bruta per capita igual ou inferior a 1,5 salário mínimo que tenham cursado integralmente o ensino médio em escolas públicas (Lei nº 12.711/2012).;5;679.88;.00;2020-01-27T00:45:25;Candidatos que, independentemente da renda (art. 14, II, Portaria Normativa nº 18/2012), tenham cursado integralmente o ensino médio em escolas públicas (Lei nº 12.711/2012).;4;695.35;.00;2020-01-27T00:45:25
116215;ESTATÍSTICA;Bacharelado;Integral;45;UNIDADE SEDE;São Carlos;SP;UNIVERSIDADE FEDERAL DE SÃO CARLOS;UFSCAR;1.00;1.00;1.00;2.00;2.00;1.00;1.00;1.00;1.00;1.00;.01;Ampla concorrência;22;754.03;.00;2020-01-27T00:45:25;Candidatos autodeclarados pretos, pardos ou indígenas que, independentemente da renda (art. 14, II, Portaria Normativa nº 18/2012), tenham cursado integralmente o ensino médio em escolas públicas (Lei nº 12.711/2012).;4;664.76;.00;2020-01-27T00:45:25;Candidatos autodeclarados pretos, pardos ou indígenas, com renda familiar bruta per capita igual ou inferior a 1,5 salário mínimo e que tenham cursado integralmente o ensino médio em escolas públicas (Lei nº 12.711/2012).;5;676.41;.00;2020-01-27T00:45:25;Candidatos com deficiência que tenham renda familiar bruta per capita igual ou inferior a 1,5 salário mínimo e que tenham cursado integralmente o ensino médio em escolas públicas (Lei nº 12.711/2012).;1;.00;.00;2020-01-27T00:45:25;Candidatos com deficiência que, independentemente da renda (art. 14, II, Portaria Normativa nº 18/2012), tenham cursado integralmente o ensino médio em escolas públicas (Lei nº 12.711/2012).;1;.00;.00;2020-01-27T00:45:25;Candidatos com renda familiar bruta per capita igual ou inferior a 1,5 salário mínimo que tenham cursado integralmente o ensino médio em escolas públicas (Lei nº 12.711/2012).;6;704.60;.00;2020-01-27T00:45:25;Candidatos que, independentemente da renda (art. 14, II, Portaria Normativa nº 18/2012), tenham cursado integralmente o ensino médio em escolas públicas (Lei nº 12.711/2012).;6;730.46;.00;2020-01-27T00:45:25
116216;ENFERMAGEM;Bacharelado;Integral;30;UNIDADE SEDE;São Carlos;SP;UNIVERSIDADE FEDERAL DE SÃO CARLOS;UFSCAR;2.00;1.00;2.00;1.00;2.00;1.00;1.00;1.00;1.00;1.00;.01;Ampla concorrência;15;721.83;.00;2020-01-27T00:45:25;Candidatos autodeclarados pretos, pardos ou indígenas que, independentemente da renda (art. 14, II, Portaria Normativa nº 18/2012), tenham cursado integralmente o ensino médio em escolas públicas (Lei nº 12.711/2012).;3;686.79;.00;2020-01-27T00:45:25;Candidatos autodeclarados pretos, pardos ou indígenas, com renda familiar bruta per capita igual ou inferior a 1,5 salário mínimo e que tenham cursado integralmente o ensino médio em escolas públicas (Lei nº 12.711/2012).;3;677.54;.00;2020-01-27T00:45:25;Candidatos com renda familiar bruta per capita igual ou inferior a 1,5 salário mínimo que tenham cursado integralmente o ensino médio em escolas públicas (Lei nº 12.711/2012).;5;698.53;.00;2020-01-27T00:45:25;Candidatos que, independentemente da renda (art. 14, II, Portaria Normativa nº 18/2012), tenham cursado integralmente o ensino médio em escolas públicas (Lei nº 12.711/2012).;4;694.24;.00;2020-01-27T00:45:25
116217;FISIOTERAPIA;Bacharelado;Integral;40;UNIDADE SEDE;São Carlos;SP;UNIVERSIDADE FEDERAL DE SÃO CARLOS;UFSCAR;2.00;1.00;2.00;1.00;2.00;1.00;1.00;1.00;1.00;1.00;.01;Ampla concorrência;20;726.20;.00;2020-01-27T00:45:25;Candidatos autodeclarados pretos, pardos ou indígenas que, independentemente da renda (art. 14, II, Portaria Normativa nº 18/2012), tenham cursado integralmente o ensino médio em escolas públicas (Lei nº 12.711/2012).;4;656.15;.00;2020-01-27T00:45:25;Candidatos autodeclarados pretos, pardos ou indígenas, com renda familiar bruta per capita igual ou inferior a 1,5 salário mínimo e que tenham cursado integralmente o ensino médio em escolas públicas (Lei nº 12.711/2012).;4;663.75;.00;2020-01-27T00:45:25;Candidatos com renda familiar bruta per capita igual ou inferior a 1,5 salário mínimo que tenham cursado integralmente o ensino médio em escolas públicas (Lei nº 12.711/2012).;6;689.50;.00;2020-01-27T00:45:25;Candidatos que, independentemente da renda (art. 14, II, Portaria Normativa nº 18/2012), tenham cursado integralmente o ensino médio em escolas públicas (Lei nº 12.711/2012).;6;701.29;.00;2020-01-27T00:45:25
116218;TERAPIA OCUPACIONAL;Bacharelado;Integral;40;UNIDADE SEDE;São Carlos;SP;UNIVERSIDADE FEDERAL DE SÃO CARLOS;UFSCAR;2.00;2.00;2.00;1.00;2.00;1.00;1.00;1.00;1.00;1.00;.01;Ampla concorrência;20;687.04;.00;2020-01-27T00:45:25;Candidatos autodeclarados pretos, pardos ou indígenas que, independentemente da renda (art. 14, II, Portaria Normativa nº 18/2012), tenham cursado integralmente o ensino médio em escolas públicas (Lei nº 12.711/2012).;4;625.29;.00;2020-01-27T00:45:25;Candidatos autodeclarados pretos, pardos ou indígenas, com renda familiar bruta per capita igual ou inferior a 1,5 salário mínimo e que tenham cursado integralmente o ensino médio em escolas públicas (Lei nº 12.711/2012).;4;632.87;.00;2020-01-27T00:45:25;Candidatos com renda familiar bruta per capita igual ou inferior a 1,5 salário mínimo que tenham cursado integralmente o ensino médio em escolas públicas (Lei nº 12.711/2012).;6;663.99;.00;2020-01-27T00:45:25;Candidatos que, independentemente da renda (art. 14, II, Portaria Normativa nº 18/2012), tenham cursado integralmente o ensino médio em escolas públicas (Lei nº 12.711/2012).;6;665.62;.00;2020-01-27T00:45:25
116219;CIÊNCIAS SOCIAIS;Bacharelado;Integral;90;UNIDADE SEDE;São Carlos;SP;UNIVERSIDADE FEDERAL DE SÃO CARLOS;UFSCAR;1.00;2.00;2.00;1.00;1.00;1.00;1.00;1.00;1.00;1.00;.01;Ampla concorrência;45;676.61;.00;2020-01-27T00:45:25;Candidatos autodeclarados pretos, pardos ou indígenas que, independentemente da renda (art. 14, II, Portaria Normativa nº 18/2012), tenham cursado integralmente o ensino médio em escolas públicas (Lei nº 12.711/2012).;7;612.06;.00;2020-01-27T00:45:25;Candidatos autodeclarados pretos, pardos ou indígenas, com renda familiar bruta per capita igual ou inferior a 1,5 salário mínimo e que tenham cursado integralmente o ensino médio em escolas públicas (Lei nº 12.711/2012).;7;616.43;.00;2020-01-27T00:45:25;Candidatos com deficiência autodeclarados pretos, pardos ou indígenas que, independentemente da renda (art. 14, II, Portaria Normativa nº 18/2012), tenham cursado integralmente o ensino médio em escolas públicas (Lei nº 12.711/2012).;1;515.24;.00;2020-01-27T00:45:25;Candidatos com deficiência autodeclarados pretos, pardos ou indígenas, que tenham renda familiar bruta per capita igual ou inferior a 1,5 salário mínimo e que tenham cursado integralmente o ensino médio em escolas públicas (Lei nº 12.711/2012);1;501.01;.00;2020-01-27T00:45:25;Candidatos com deficiência que tenham renda familiar bruta per capita igual ou inferior a 1,5 salário mínimo e que tenham cursado integralmente o ensino médio em escolas públicas (Lei nº 12.711/2012).;1;.00;.00;2020-01-27T00:45:25;Candidatos com deficiência que, independentemente da renda (art. 14, II, Portaria Normativa nº 18/2012), tenham cursado integralmente o ensino médio em escolas públicas (Lei nº 12.711/2012).;1;623.47;.00;2020-01-27T00:45:25;Candidatos com renda familiar bruta per capita igual ou inferior a 1,5 salário mínimo que tenham cursado integralmente o ensino médio em escolas públicas (Lei nº 12.711/2012).;14;644.00;.00;2020-01-27T00:45:25;Candidatos que, independentemente da renda (art. 14, II, Portaria Normativa nº 18/2012), tenham cursado integralmente o ensino médio em escolas públicas (Lei nº 12.711/2012).;13;662.53;.00;2020-01-27T00:45:25
116220;ENGENHARIA DE COMPUTAÇÃO;Bacharelado;Integral;30;UNIDADE SEDE;São Carlos;SP;UNIVERSIDADE FEDERAL DE SÃO CARLOS;UFSCAR;1.00;1.00;2.00;2.00;2.00;1.00;1.00;1.00;1.00;1.00;.01;Ampla concorrência;15;790.88;.00;2020-01-27T00:45:25;Candidatos autodeclarados pretos, pardos ou indígenas que, independentemente da renda (art. 14, II, Portaria Normativa nº 18/2012), tenham cursado integralmente o ensino médio em escolas públicas (Lei nº 12.711/2012).;3;713.70;.00;2020-01-27T00:45:25;Candidatos autodeclarados pretos, pardos ou indígenas, com renda familiar bruta per capita igual ou inferior a 1,5 salário mínimo e que tenham cursado integralmente o ensino médio em escolas públicas (Lei nº 12.711/2012).;3;692.45;.00;2020-01-27T00:45:25;Candidatos com renda familiar bruta per capita igual ou inferior a 1,5 salário mínimo que tenham cursado integralmente o ensino médio em escolas públicas (Lei nº 12.711/2012).;5;725.98;.00;2020-01-27T00:45:25;Candidatos que, independentemente da renda (art. 14, II, Portaria Normativa nº 18/2012), tenham cursado integralmente o ensino médio em escolas públicas (Lei nº 12.711/2012).;4;751.55;.00;2020-01-27T00:45:25
116221;BIBLIOTECONOMIA E CIÊNCIA DA INFORMAÇÃO;Bacharelado;Noturno;48;UNIDADE SEDE;São Carlos;SP;UNIVERSIDADE FEDERAL DE SÃO CARLOS;UFSCAR;1.00;2.00;2.00;1.00;2.00;1.00;1.00;1.00;1.00;1.00;.01;Ampla concorrência;24;643.46;.00;2020-01-27T00:45:25;Candidatos autodeclarados pretos, pardos ou indígenas que, independentemente da renda (art. 14, II, Portaria Normativa nº 18/2012), tenham cursado integralmente o ensino médio em escolas públicas (Lei nº 12.711/2012).;5;601.74;.00;2020-01-27T00:45:25;Candidatos autodeclarados pretos, pardos ou indígenas, com renda familiar bruta per capita igual ou inferior a 1,5 salário mínimo e que tenham cursado integralmente o ensino médio em escolas públicas (Lei nº 12.711/2012).;5;603.09;.00;2020-01-27T00:45:25;Candidatos com deficiência que tenham renda familiar bruta per capita igual ou inferior a 1,5 salário mínimo e que tenham cursado integralmente o ensino médio em escolas públicas (Lei nº 12.711/2012).;1;.00;.00;2020-01-27T00:45:25;Candidatos com deficiência que, independentemente da renda (art. 14, II, Portaria Normativa nº 18/2012), tenham cursado integralmente o ensino médio em escolas públicas (Lei nº 12.711/2012).;1;462.34;.00;2020-01-27T00:45:25;Candidatos com renda familiar bruta per capita igual ou inferior a 1,5 salário mínimo que tenham cursado integralmente o ensino médio em escolas públicas (Lei nº 12.711/2012).;6;636.20;.00;2020-01-27T00:45:25;Candidatos que, independentemente da renda (art. 14, II, Portaria Normativa nº 18/2012), tenham cursado integralmente o ensino médio em escolas públicas (Lei nº 12.711/2012).;6;645.85;.00;2020-01-27T00:45:25
116222;EDUCAÇÃO FÍSICA;Licenciatura;Integral;30;UNIDADE SEDE;São Carlos;SP;UNIVERSIDADE FEDERAL DE SÃO CARLOS;UFSCAR;1.00;1.00;2.00;1.00;1.00;1.00;1.00;1.00;1.00;1.00;.01;Ampla concorrência;15;663.75;.00;2020-01-27T00:45:25;Candidatos autodeclarados pretos, pardos ou indígenas que, independentemente da renda (art. 14, II, Portaria Normativa nº 18/2012), tenham cursado integralmente o ensino médio em escolas públicas (Lei nº 12.711/2012).;3;604.07;.00;2020-01-27T00:45:25;Candidatos autodeclarados pretos, pardos ou indígenas, com renda familiar bruta per capita igual ou inferior a 1,5 salário mínimo e que tenham cursado integralmente o ensino médio em escolas públicas (Lei nº 12.711/2012).;3;594.93;.00;2020-01-27T00:45:25;Candidatos com renda familiar bruta per capita igual ou inferior a 1,5 salário mínimo que tenham cursado integralmente o ensino médio em escolas públicas (Lei nº 12.711/2012).;5;633.80;.00;2020-01-27T00:45:25;Candidatos que, independentemente da renda (art. 14, II, Portaria Normativa nº 18/2012), tenham cursado integralmente o ensino médio em escolas públicas (Lei nº 12.711/2012).;4;647.20;.00;2020-01-27T00:45:25
116223;MATEMÁTICA;Licenciatura;Noturno;50;UNIDADE SEDE;São Carlos;SP;UNIVERSIDADE FEDERAL DE SÃO CARLOS;UFSCAR;1.00;1.00;1.00;2.00;2.00;1.00;1.00;1.00;1.00;1.00;.01;Ampla concorrência;25;715.04;.00;2020-01-27T00:45:25;Candidatos autodeclarados pretos, pardos ou indígenas que, independentemente da renda (art. 14, II, Portaria Normativa nº 18/2012), tenham cursado integralmente o ensino médio em escolas públicas (Lei nº 12.711/2012).;5;641.56;.00;2020-01-27T00:45:25;Candidatos autodeclarados pretos, pardos ou indígenas, com renda familiar bruta per capita igual ou inferior a 1,5 salário mínimo e que tenham cursado integralmente o ensino médio em escolas públicas (Lei nº 12.711/2012).;5;655.27;.00;2020-01-27T00:45:25;Candidatos com deficiência que tenham renda familiar bruta per capita igual ou inferior a 1,5 salário mínimo e que tenham cursado integralmente o ensino médio em escolas públicas (Lei nº 12.711/2012).;1;.00;.00;2020-01-27T00:45:25;Candidatos com deficiência que, independentemente da renda (art. 14, II, Portaria Normativa nº 18/2012), tenham cursado integralmente o ensino médio em escolas públicas (Lei nº 12.711/2012).;1;.00;.00;2020-01-27T00:45:25;Candidatos com renda familiar bruta per capita igual ou inferior a 1,5 salário mínimo que tenham cursado integralmente o ensino médio em escolas públicas (Lei nº 12.711/2012).;7;670.81;.00;2020-01-27T00:45:25;Candidatos que, independentemente da renda (art. 14, II, Portaria Normativa nº 18/2012), tenham cursado integralmente o ensino médio em escolas públicas (Lei nº 12.711/2012).;6;703.83;.00;2020-01-27T00:45:25
116224;IMAGEM E SOM;Bacharelado;Integral;44;UNIDADE SEDE;São Carlos;SP;UNIVERSIDADE FEDERAL DE SÃO CARLOS;UFSCAR;1.00;2.00;2.00;1.00;2.00;1.00;1.00;1.00;1.00;1.00;.01;Ampla concorrência;22;729.94;.00;2020-01-27T00:45:25;Candidatos autodeclarados pretos, pardos ou indígenas que, independentemente da renda (art. 14, II, Portaria Normativa nº 18/2012), tenham cursado integralmente o ensino médio em escolas públicas (Lei nº 12.711/2012).;4;674.79;.00;2020-01-27T00:45:25;Candidatos autodeclarados pretos, pardos ou indígenas, com renda familiar bruta per capita igual ou inferior a 1,5 salário mínimo e que tenham cursado integralmente o ensino médio em escolas públicas (Lei nº 12.711/2012).;4;663.71;.00;2020-01-27T00:45:25;Candidatos com deficiência que tenham renda familiar bruta per capita igual ou inferior a 1,5 salário mínimo e que tenham cursado integralmente o ensino médio em escolas públicas (Lei nº 12.711/2012).;1;639.69;.00;2020-01-27T00:45:25;Candidatos com deficiência que, independentemente da renda (art. 14, II, Portaria Normativa nº 18/2012), tenham cursado integralmente o ensino médio em escolas públicas (Lei nº 12.711/2012).;1;614.59;.00;2020-01-27T00:45:25;Candidatos com renda familiar bruta per capita igual ou inferior a 1,5 salário mínimo que tenham cursado integralmente o ensino médio em escolas públicas (Lei nº 12.711/2012).;6;689.38;.00;2020-01-27T00:45:25;Candidatos que, independentemente da renda (art. 14, II, Portaria Normativa nº 18/2012), tenham cursado integralmente o ensino médio em escolas públicas (Lei nº 12.711/2012).;6;699.01;.00;2020-01-27T00:45:25
116225;LETRAS - ESPANHOL;Licenciatura;Noturno;20;UNIDADE SEDE;São Carlos;SP;UNIVERSIDADE FEDERAL DE SÃO CARLOS;UFSCAR;1.00;2.00;2.00;1.00;2.00;1.00;1.00;1.00;1.00;1.00;.01;Ampla concorrência;10;680.91;.00;2020-01-27T00:45:25;Candidatos autodeclarados pretos, pardos ou indígenas que, independentemente da renda (art. 14, II, Portaria Normativa nº 18/2012), tenham cursado integralmente o ensino médio em escolas públicas (Lei nº 12.711/2012).;2;633.90;.00;2020-01-27T00:45:25;Candidatos autodeclarados pretos, pardos ou indígenas, com renda familiar bruta per capita igual ou inferior a 1,5 salário mínimo e que tenham cursado integralmente o ensino médio em escolas públicas (Lei nº 12.711/2012).;2;645.70;.00;2020-01-27T00:45:25;Candidatos com renda familiar bruta per capita igual ou inferior a 1,5 salário mínimo que tenham cursado integralmente o ensino médio em escolas públicas (Lei nº 12.711/2012).;3;670.95;.00;2020-01-27T00:45:25;Candidatos que, independentemente da renda (art. 14, II, Portaria Normativa nº 18/2012), tenham cursado integralmente o ensino médio em escolas públicas (Lei nº 12.711/2012).;3;670.60;.00;2020-01-27T00:45:25
116226;LETRAS - INGLÊS;Licenciatura;Noturno;20;UNIDADE SEDE;São Carlos;SP;UNIVERSIDADE FEDERAL DE SÃO CARLOS;UFSCAR;1.00;2.00;2.00;1.00;2.00;1.00;1.00;1.00;1.00;1.00;.01;Ampla concorrência;10;712.61;.00;2020-01-27T00:45:25;Candidatos autodeclarados pretos, pardos ou indígenas que, independentemente da renda (art. 14, II, Portaria Normativa nº 18/2012), tenham cursado integralmente o ensino médio em escolas públicas (Lei nº 12.711/2012).;2;636.61;.00;2020-01-27T00:45:25;Candidatos autodeclarados pretos, pardos ou indígenas, com renda familiar bruta per capita igual ou inferior a 1,5 salário mínimo e que tenham cursado integralmente o ensino médio em escolas públicas (Lei nº 12.711/2012).;2;651.55;.00;2020-01-27T00:45:25;Candidatos com renda familiar bruta per capita igual ou inferior a 1,5 salário mínimo que tenham cursado integralmente o ensino médio em escolas públicas (Lei nº 12.711/2012).;3;679.46;.00;2020-01-27T00:45:25;Candidatos que, independentemente da renda (art. 14, II, Portaria Normativa nº 18/2012), tenham cursado integralmente o ensino médio em escolas públicas (Lei nº 12.711/2012).;3;700.68;.00;2020-01-27T00:45:25
116227;ENGENHARIA FÍSICA;Bacharelado;Integral;40;UNIDADE SEDE;São Carlos;SP;UNIVERSIDADE FEDERAL DE SÃO CARLOS;UFSCAR;2.00;1.00;1.00;2.00;1.00;1.00;1.00;1.00;1.00;1.00;.01;Ampla concorrência;20;751.61;.00;2020-01-27T00:45:25;Candidatos autodeclarados pretos, pardos ou indígenas que, independentemente da renda (art. 14, II, Portaria Normativa nº 18/2012), tenham cursado integralmente o ensino médio em escolas públicas (Lei nº 12.711/2012).;4;648.50;.00;2020-01-27T00:45:25;Candidatos autodeclarados pretos, pardos ou indígenas, com renda familiar bruta per capita igual ou inferior a 1,5 salário mínimo e que tenham cursado integralmente o ensino médio em escolas públicas (Lei nº 12.711/2012).;4;645.10;.00;2020-01-27T00:45:25;Candidatos com renda familiar bruta per capita igual ou inferior a 1,5 salário mínimo que tenham cursado integralmente o ensino médio em escolas públicas (Lei nº 12.711/2012).;6;684.53;.00;2020-01-27T00:45:25;Candidatos que, independentemente da renda (art. 14, II, Portaria Normativa nº 18/2012), tenham cursado integralmente o ensino médio em escolas públicas (Lei nº 12.711/2012).;6;725.21;.00;2020-01-27T00:45:25
116228;QUÍMICA;Licenciatura;Noturno;30;UNIDADE SEDE;São Carlos;SP;UNIVERSIDADE FEDERAL DE SÃO CARLOS;UFSCAR;2.00;1.00;1.00;2.00;2.00;1.00;1.00;1.00;1.00;1.00;.01;Ampla concorrência;15;693.24;.00;2020-01-27T00:45:25;Candidatos autodeclarados pretos, pardos ou indígenas que, independentemente da renda (art. 14, II, Portaria Normativa nº 18/2012), tenham cursado integralmente o ensino médio em escolas públicas (Lei nº 12.711/2012).;3;640.19;.00;2020-01-27T00:45:25;Candidatos autodeclarados pretos, pardos ou indígenas, com renda familiar bruta per capita igual ou inferior a 1,5 salário mínimo e que tenham cursado integralmente o ensino médio em escolas públicas (Lei nº 12.711/2012).;3;614.54;.00;2020-01-27T00:45:25;Candidatos com renda familiar bruta per capita igual ou inferior a 1,5 salário mínimo que tenham cursado integralmente o ensino médio em escolas públicas (Lei nº 12.711/2012).;5;644.89;.00;2020-01-27T00:45:25;Candidatos que, independentemente da renda (art. 14, II, Portaria Normativa nº 18/2012), tenham cursado integralmente o ensino médio em escolas públicas (Lei nº 12.711/2012).;4;698.98;.00;2020-01-27T00:45:25
116230;ENGENHARIA DE PRODUÇÃO;Bacharelado;Integral;100;UNIDADE SEDE;São Carlos;SP;UNIVERSIDADE FEDERAL DE SÃO CARLOS;UFSCAR;1.00;1.00;2.00;2.00;1.00;1.00;1.00;1.00;1.00;1.00;.01;Ampla concorrência;50;746.24;.00;2020-01-27T00:45:25;Candidatos autodeclarados pretos, pardos ou indígenas que, independentemente da renda (art. 14, II, Portaria Normativa nº 18/2012), tenham cursado integralmente o ensino médio em escolas públicas (Lei nº 12.711/2012).;8;663.60;.00;2020-01-27T00:45:25;Candidatos autodeclarados pretos, pardos ou indígenas, com renda familiar bruta per capita igual ou inferior a 1,5 salário mínimo e que tenham cursado integralmente o ensino médio em escolas públicas (Lei nº 12.711/2012).;8;660.19;.00;2020-01-27T00:45:25;Candidatos com deficiência autodeclarados pretos, pardos ou indígenas que, independentemente da renda (art. 14, II, Portaria Normativa nº 18/2012), tenham cursado integralmente o ensino médio em escolas públicas (Lei nº 12.711/2012).;1;.00;.00;2020-01-27T00:45:25;Candidatos com deficiência autodeclarados pretos, pardos ou indígenas, que tenham renda familiar bruta per capita igual ou inferior a 1,5 salário mínimo e que tenham cursado integralmente o ensino médio em escolas públicas (Lei nº 12.711/2012);1;488.66;.00;2020-01-27T00:45:25;Candidatos com deficiência que tenham renda familiar bruta per capita igual ou inferior a 1,5 salário mínimo e que tenham cursado integralmente o ensino médio em escolas públicas (Lei nº 12.711/2012).;1;437.20;.00;2020-01-27T00:45:25;Candidatos com deficiência que, independentemente da renda (art. 14, II, Portaria Normativa nº 18/2012), tenham cursado integralmente o ensino médio em escolas públicas (Lei nº 12.711/2012).;1;554.16;.00;2020-01-27T00:45:25;Candidatos com renda familiar bruta per capita igual ou inferior a 1,5 salário mínimo que tenham cursado integralmente o ensino médio em escolas públicas (Lei nº 12.711/2012).;15;671.13;.00;2020-01-27T00:45:25;Candidatos que, independentemente da renda (art. 14, II, Portaria Normativa nº 18/2012), tenham cursado integralmente o ensino médio em escolas públicas (Lei nº 12.711/2012).;15;697.47;.00;2020-01-27T00:45:25
116231;MEDICINA;Bacharelado;Integral;40;UNIDADE SEDE;São Carlos;SP;UNIVERSIDADE FEDERAL DE SÃO CARLOS;UFSCAR;2.00;1.00;2.00;1.00;1.00;1.00;1.00;1.00;1.00;1.00;.01;Ampla concorrência;20;775.30;.00;2020-01-27T00:45:25;Candidatos autodeclarados pretos, pardos ou indígenas que, independentemente da renda (art. 14, II, Portaria Normativa nº 18/2012), tenham cursado integralmente o ensino médio em escolas públicas (Lei nº 12.711/2012).;4;718.39;.00;2020-01-27T00:45:25;Candidatos autodeclarados pretos, pardos ou indígenas, com renda familiar bruta per capita igual ou inferior a 1,5 salário mínimo e que tenham cursado integralmente o ensino médio em escolas públicas (Lei nº 12.711/2012).;4;719.89;.00;2020-01-27T00:45:25;Candidatos com renda familiar bruta per capita igual ou inferior a 1,5 salário mínimo que tenham cursado integralmente o ensino médio em escolas públicas (Lei nº 12.711/2012).;6;733.03;.00;2020-01-27T00:45:25;Candidatos que, independentemente da renda (art. 14, II, Portaria Normativa nº 18/2012), tenham cursado integralmente o ensino médio em escolas públicas (Lei nº 12.711/2012).;6;750.36;.00;2020-01-27T00:45:25
116232;PSICOLOGIA;Bacharelado;Integral;40;UNIDADE SEDE;São Carlos;SP;UNIVERSIDADE FEDERAL DE SÃO CARLOS;UFSCAR;2.00;2.00;2.00;1.00;2.00;1.00;1.00;1.00;1.00;1.00;.01;Ampla concorrência;20;743.01;.00;2020-01-27T00:45:25;Candidatos autodeclarados pretos, pardos ou indígenas que, independentemente da renda (art. 14, II, Portaria Normativa nº 18/2012), tenham cursado integralmente o ensino médio em escolas públicas (Lei nº 12.711/2012).;4;676.04;.00;2020-01-27T00:45:25;Candidatos autodeclarados pretos, pardos ou indígenas, com renda familiar bruta per capita igual ou inferior a 1,5 salário mínimo e que tenham cursado integralmente o ensino médio em escolas públicas (Lei nº 12.711/2012).;4;681.42;.00;2020-01-27T00:45:25;Candidatos com renda familiar bruta per capita igual ou inferior a 1,5 salário mínimo que tenham cursado integralmente o ensino médio em escolas públicas (Lei nº 12.711/2012).;6;707.09;.00;2020-01-27T00:45:25;Candidatos que, independentemente da renda (art. 14, II, Portaria Normativa nº 18/2012), tenham cursado integralmente o ensino médio em escolas públicas (Lei nº 12.711/2012).;6;712.56;.00;2020-01-27T00:45:25
116234;FÍSICA;Licenciatura;Noturno;30;UNIDADE SEDE;São Carlos;SP;UNIVERSIDADE FEDERAL DE SÃO CARLOS;UFSCAR;2.00;1.00;1.00;2.00;1.00;1.00;1.00;1.00;1.00;1.00;.01;Ampla concorrência;15;708.26;.00;2020-01-27T00:45:25;Candidatos autodeclarados pretos, pardos ou indígenas que, independentemente da renda (art. 14, II, Portaria Normativa nº 18/2012), tenham cursado integralmente o ensino médio em escolas públicas (Lei nº 12.711/2012).;3;625.13;.00;2020-01-27T00:45:25;Candidatos autodeclarados pretos, pardos ou indígenas, com renda familiar bruta per capita igual ou inferior a 1,5 salário mínimo e que tenham cursado integralmente o ensino médio em escolas públicas (Lei nº 12.711/2012).;3;634.47;.00;2020-01-27T00:45:25;Candidatos com renda familiar bruta per capita igual ou inferior a 1,5 salário mínimo que tenham cursado integralmente o ensino médio em escolas públicas (Lei nº 12.711/2012).;5;646.73;.00;2020-01-27T00:45:25;Candidatos que, independentemente da renda (art. 14, II, Portaria Normativa nº 18/2012), tenham cursado integralmente o ensino médio em escolas públicas (Lei nº 12.711/2012).;4;673.26;.00;2020-01-27T00:45:25
116235;EDUCAÇÃO ESPECIAL;Licenciatura;Integral;40;UNIDADE SEDE;São Carlos;SP;UNIVERSIDADE FEDERAL DE SÃO CARLOS;UFSCAR;1.00;2.00;2.00;1.00;1.00;1.00;1.00;1.00;1.00;1.00;.01;Ampla concorrência;20;622.56;.00;2020-01-27T00:45:25;Candidatos autodeclarados pretos, pardos ou indígenas que, independentemente da renda (art. 14, II, Portaria Normativa nº 18/2012), tenham cursado integralmente o ensino médio em escolas públicas (Lei nº 12.711/2012).;4;582.63;.00;2020-01-27T00:45:25;Candidatos autodeclarados pretos, pardos ou indígenas, com renda familiar bruta per capita igual ou inferior a 1,5 salário mínimo e que tenham cursado integralmente o ensino médio em escolas públicas (Lei nº 12.711/2012).;4;583.76;.00;2020-01-27T00:45:25;Candidatos com renda familiar bruta per capita igual ou inferior a 1,5 salário mínimo que tenham cursado integralmente o ensino médio em escolas públicas (Lei nº 12.711/2012).;6;602.50;.00;2020-01-27T00:45:25;Candidatos que, independentemente da renda (art. 14, II, Portaria Normativa nº 18/2012), tenham cursado integralmente o ensino médio em escolas públicas (Lei nº 12.711/2012).;6;607.43;.00;2020-01-27T00:45:25
116236;LINGUÍSTICA;Bacharelado;Vespertino;40;UNIDADE SEDE;São Carlos;SP;UNIVERSIDADE FEDERAL DE SÃO CARLOS;UFSCAR;1.00;2.00;2.00;1.00;2.00;1.00;1.00;1.00;1.00;1.00;.01;Ampla concorrência;20;681.96;.00;2020-01-27T00:45:25;Candidatos autodeclarados pretos, pardos ou indígenas que, independentemente da renda (art. 14, II, Portaria Normativa nº 18/2012), tenham cursado integralmente o ensino médio em escolas públicas (Lei nº 12.711/2012).;4;621.11;.00;2020-01-27T00:45:25;Candidatos autodeclarados pretos, pardos ou indígenas, com renda familiar bruta per capita igual ou inferior a 1,5 salário mínimo e que tenham cursado integralmente o ensino médio em escolas públicas (Lei nº 12.711/2012).;4;622.11;.00;2020-01-27T00:45:25;Candidatos com renda familiar bruta per capita igual ou inferior a 1,5 salário mínimo que tenham cursado integralmente o ensino médio em escolas públicas (Lei nº 12.711/2012).;6;640.46;.00;2020-01-27T00:45:25;Candidatos que, independentemente da renda (art. 14, II, Portaria Normativa nº 18/2012), tenham cursado integralmente o ensino médio em escolas públicas (Lei nº 12.711/2012).;6;667.34;.00;2020-01-27T00:45:25
116237;BIOTECNOLOGIA;Bacharelado;Integral;40;UNIDADE SEDE;São Carlos;SP;UNIVERSIDADE FEDERAL DE SÃO CARLOS;UFSCAR;2.00;1.00;2.00;2.00;2.00;1.00;1.00;1.00;1.00;1.00;.01;Ampla concorrência;20;735.10;.00;2020-01-27T00:45:25;Candidatos autodeclarados pretos, pardos ou indígenas que, independentemente da renda (art. 14, II, Portaria Normativa nº 18/2012), tenham cursado integralmente o ensino médio em escolas públicas (Lei nº 12.711/2012).;4;676.30;.00;2020-01-27T00:45:25;Candidatos autodeclarados pretos, pardos ou indígenas, com renda familiar bruta per capita igual ou inferior a 1,5 salário mínimo e que tenham cursado integralmente o ensino médio em escolas públicas (Lei nº 12.711/2012).;4;650.97;.00;2020-01-27T00:45:25;Candidatos com renda familiar bruta per capita igual ou inferior a 1,5 salário mínimo que tenham cursado integralmente o ensino médio em escolas públicas (Lei nº 12.711/2012).;6;690.81;.00;2020-01-27T00:45:25;Candidatos que, independentemente da renda (art. 14, II, Portaria Normativa nº 18/2012), tenham cursado integralmente o ensino médio em escolas públicas (Lei nº 12.711/2012).;6;719.39;.00;2020-01-27T00:45:25
116238;ENGENHARIA MECÂNICA;Bacharelado;Integral;60;UNIDADE SEDE;São Carlos;SP;UNIVERSIDADE FEDERAL DE SÃO CARLOS;UFSCAR;1.00;1.00;2.00;2.00;1.00;1.00;1.00;1.00;1.00;1.00;.01;Ampla concorrência;30;755.97;.00;2020-01-27T00:45:25;Candidatos autodeclarados pretos, pardos ou indígenas que, independentemente da renda (art. 14, II, Portaria Normativa nº 18/2012), tenham cursado integralmente o ensino médio em escolas públicas (Lei nº 12.711/2012).;6;662.79;.00;2020-01-27T00:45:25;Candidatos autodeclarados pretos, pardos ou indígenas, com renda familiar bruta per capita igual ou inferior a 1,5 salário mínimo e que tenham cursado integralmente o ensino médio em escolas públicas (Lei nº 12.711/2012).;6;660.76;.00;2020-01-27T00:45:25;Candidatos com deficiência que tenham renda familiar bruta per capita igual ou inferior a 1,5 salário mínimo e que tenham cursado integralmente o ensino médio em escolas públicas (Lei nº 12.711/2012).;1;.00;.00;2020-01-27T00:45:25;Candidatos com deficiência que, independentemente da renda (art. 14, II, Portaria Normativa nº 18/2012), tenham cursado integralmente o ensino médio em escolas públicas (Lei nº 12.711/2012).;1;594.46;.00;2020-01-27T00:45:25;Candidatos com renda familiar bruta per capita igual ou inferior a 1,5 salário mínimo que tenham cursado integralmente o ensino médio em escolas públicas (Lei nº 12.711/2012).;8;689.41;.00;2020-01-27T00:45:25;Candidatos que, independentemente da renda (art. 14, II, Portaria Normativa nº 18/2012), tenham cursado integralmente o ensino médio em escolas públicas (Lei nº 12.711/2012).;8;716.79;.00;2020-01-27T00:45:25
116239;GESTÃO E ANÁLISE AMBIENTAL;Bacharelado;Integral;40;UNIDADE SEDE;São Carlos;SP;UNIVERSIDADE FEDERAL DE SÃO CARLOS;UFSCAR;2.00;1.00;2.00;2.00;1.00;1.00;1.00;1.00;1.00;1.00;.01;Ampla concorrência;20;666.03;.00;2020-01-27T00:45:25;Candidatos autodeclarados pretos, pardos ou indígenas que, independentemente da renda (art. 14, II, Portaria Normativa nº 18/2012), tenham cursado integralmente o ensino médio em escolas públicas (Lei nº 12.711/2012).;4;614.36;.00;2020-01-27T00:45:25;Candidatos autodeclarados pretos, pardos ou indígenas, com renda familiar bruta per capita igual ou inferior a 1,5 salário mínimo e que tenham cursado integralmente o ensino médio em escolas públicas (Lei nº 12.711/2012).;4;596.79;.00;2020-01-27T00:45:25;Candidatos com renda familiar bruta per capita igual ou inferior a 1,5 salário mínimo que tenham cursado integralmente o ensino médio em escolas públicas (Lei nº 12.711/2012).;6;621.00;.00;2020-01-27T00:45:25;Candidatos que, independentemente da renda (art. 14, II, Portaria Normativa nº 18/2012), tenham cursado integralmente o ensino médio em escolas públicas (Lei nº 12.711/2012).;6;642.98;.00;2020-01-27T00:45:25
116240;ENGENHARIA ELÉTRICA;Bacharelado;Integral;60;UNIDADE SEDE;São Carlos;SP;UNIVERSIDADE FEDERAL DE SÃO CARLOS;UFSCAR;1.00;1.00;2.00;2.00;1.00;1.00;1.00;1.00;1.00;1.00;.01;Ampla concorrência;30;752.64;.00;2020-01-27T00:45:25;Candidatos autodeclarados pretos, pardos ou indígenas que, independentemente da renda (art. 14, II, Portaria Normativa nº 18/2012), tenham cursado integralmente o ensino médio em escolas públicas (Lei nº 12.711/2012).;6;654.94;.00;2020-01-27T00:45:25;Candidatos autodeclarados pretos, pardos ou indígenas, com renda familiar bruta per capita igual ou inferior a 1,5 salário mínimo e que tenham cursado integralmente o ensino médio em escolas públicas (Lei nº 12.711/2012).;6;649.69;.00;2020-01-27T00:45:25;Candidatos com deficiência que tenham renda familiar bruta per capita igual ou inferior a 1,5 salário mínimo e que tenham cursado integralmente o ensino médio em escolas públicas (Lei nº 12.711/2012).;1;575.77;.00;2020-01-27T00:45:25;Candidatos com deficiência que, independentemente da renda (art. 14, II, Portaria Normativa nº 18/2012), tenham cursado integralmente o ensino médio em escolas públicas (Lei nº 12.711/2012).;1;591.99;.00;2020-01-27T00:45:25;Candidatos com renda familiar bruta per capita igual ou inferior a 1,5 salário mínimo que tenham cursado integralmente o ensino médio em escolas públicas (Lei nº 12.711/2012).;8;678.76;.00;2020-01-27T00:45:25;Candidatos que, independentemente da renda (art. 14, II, Portaria Normativa nº 18/2012), tenham cursado integralmente o ensino médio em escolas públicas (Lei nº 12.711/2012).;8;727.23;.00;2020-01-27T00:45:25
116241;GERONTOLOGIA;Bacharelado;Integral;40;UNIDADE SEDE;São Carlos;SP;UNIVERSIDADE FEDERAL DE SÃO CARLOS;UFSCAR;2.00;2.00;1.00;2.00;2.00;1.00;1.00;1.00;1.00;1.00;.01;Ampla concorrência;20;677.91;.00;2020-01-27T00:45:25;Candidatos autodeclarados pretos, pardos ou indígenas que, independentemente da renda (art. 14, II, Portaria Normativa nº 18/2012), tenham cursado integralmente o ensino médio em escolas públicas (Lei nº 12.711/2012).;4;622.69;.00;2020-01-27T00:45:25;Candidatos autodeclarados pretos, pardos ou indígenas, com renda familiar bruta per capita igual ou inferior a 1,5 salário mínimo e que tenham cursado integralmente o ensino médio em escolas públicas (Lei nº 12.711/2012).;4;611.61;.00;2020-01-27T00:45:25;Candidatos com renda familiar bruta per capita igual ou inferior a 1,5 salário mínimo que tenham cursado integralmente o ensino médio em escolas públicas (Lei nº 12.711/2012).;6;631.28;.00;2020-01-27T00:45:25;Candidatos que, independentemente da renda (art. 14, II, Portaria Normativa nº 18/2012), tenham cursado integralmente o ensino médio em escolas públicas (Lei nº 12.711/2012).;6;657.69;.00;2020-01-27T00:45:25
116242;PEDAGOGIA;Licenciatura;Matutino;45;UNIDADE SEDE;São Carlos;SP;UNIVERSIDADE FEDERAL DE SÃO CARLOS;UFSCAR;1.00;2.00;2.00;1.00;2.00;1.00;1.00;1.00;1.00;1.00;.01;Ampla concorrência;22;684.34;.00;2020-01-27T00:45:25;Candidatos autodeclarados pretos, pardos ou indígenas que, independentemente da renda (art. 14, II, Portaria Normativa nº 18/2012), tenham cursado integralmente o ensino médio em escolas públicas (Lei nº 12.711/2012).;4;625.81;.00;2020-01-27T00:45:25;Candidatos autodeclarados pretos, pardos ou indígenas, com renda familiar bruta per capita igual ou inferior a 1,5 salário mínimo e que tenham cursado integralmente o ensino médio em escolas públicas (Lei nº 12.711/2012).;5;614.43;.00;2020-01-27T00:45:25;Candidatos com deficiência que tenham renda familiar bruta per capita igual ou inferior a 1,5 salário mínimo e que tenham cursado integralmente o ensino médio em escolas públicas (Lei nº 12.711/2012).;1;540.99;.00;2020-01-27T00:45:25;Candidatos com deficiência que, independentemente da renda (art. 14, II, Portaria Normativa nº 18/2012), tenham cursado integralmente o ensino médio em escolas públicas (Lei nº 12.711/2012).;1;604.66;.00;2020-01-27T00:45:25;Candidatos com renda familiar bruta per capita igual ou inferior a 1,5 salário mínimo que tenham cursado integralmente o ensino médio em escolas públicas (Lei nº 12.711/2012).;6;644.64;.00;2020-01-27T00:45:25;Candidatos que, independentemente da renda (art. 14, II, Portaria Normativa nº 18/2012), tenham cursado integralmente o ensino médio em escolas públicas (Lei nº 12.711/2012).;6;645.85;.00;2020-01-27T00:45:25
116243;PEDAGOGIA;Licenciatura;Noturno;45;UNIDADE SEDE;São Carlos;SP;UNIVERSIDADE FEDERAL DE SÃO CARLOS;UFSCAR;1.00;2.00;2.00;1.00;2.00;1.00;1.00;1.00;1.00;1.00;.01;Ampla concorrência;22;661.15;.00;2020-01-27T00:45:25;Candidatos autodeclarados pretos, pardos ou indígenas que, independentemente da renda (art. 14, II, Portaria Normativa nº 18/2012), tenham cursado integralmente o ensino médio em escolas públicas (Lei nº 12.711/2012).;4;631.00;.00;2020-01-27T00:45:25;Candidatos autodeclarados pretos, pardos ou indígenas, com renda familiar bruta per capita igual ou inferior a 1,5 salário mínimo e que tenham cursado integralmente o ensino médio em escolas públicas (Lei nº 12.711/2012).;5;620.68;.00;2020-01-27T00:45:25;Candidatos com deficiência que tenham renda familiar bruta per capita igual ou inferior a 1,5 salário mínimo e que tenham cursado integralmente o ensino médio em escolas públicas (Lei nº 12.711/2012).;1;563.68;.00;2020-01-27T00:45:25;Candidatos com deficiência que, independentemente da renda (art. 14, II, Portaria Normativa nº 18/2012), tenham cursado integralmente o ensino médio em escolas públicas (Lei nº 12.711/2012).;1;526.29;.00;2020-01-27T00:45:25;Candidatos com renda familiar bruta per capita igual ou inferior a 1,5 salário mínimo que tenham cursado integralmente o ensino médio em escolas públicas (Lei nº 12.711/2012).;6;637.85;.00;2020-01-27T00:45:25;Candidatos que, independentemente da renda (art. 14, II, Portaria Normativa nº 18/2012), tenham cursado integralmente o ensino médio em escolas públicas (Lei nº 12.711/2012).;6;670.05;.00;2020-01-27T00:45:25
116244;CIÊNCIAS BIOLÓGICAS;Bacharelado;Integral;30;UNIDADE SEDE;São Carlos;SP;UNIVERSIDADE FEDERAL DE SÃO CARLOS;UFSCAR;2.00;1.00;2.00;1.00;2.00;1.00;1.00;1.00;1.00;1.00;.01;Ampla concorrência;15;731.44;.00;2020-01-27T00:45:25;Candidatos autodeclarados pretos, pardos ou indígenas que, independentemente da renda (art. 14, II, Portaria Normativa nº 18/2012), tenham cursado integralmente o ensino médio em escolas públicas (Lei nº 12.711/2012).;3;675.61;.00;2020-01-27T00:45:25;Candidatos autodeclarados pretos, pardos ou indígenas, com renda familiar bruta per capita igual ou inferior a 1,5 salário mínimo e que tenham cursado integralmente o ensino médio em escolas públicas (Lei nº 12.711/2012).;3;644.91;.00;2020-01-27T00:45:25;Candidatos com renda familiar bruta per capita igual ou inferior a 1,5 salário mínimo que tenham cursado integralmente o ensino médio em escolas públicas (Lei nº 12.711/2012).;5;675.79;.00;2020-01-27T00:45:25;Candidatos que, independentemente da renda (art. 14, II, Portaria Normativa nº 18/2012), tenham cursado integralmente o ensino médio em escolas públicas (Lei nº 12.711/2012).;4;709.81;.00;2020-01-27T00:45:25
116245;QUÍMICA;Bacharelado;Integral;60;UNIDADE SEDE;São Carlos;SP;UNIVERSIDADE FEDERAL DE SÃO CARLOS;UFSCAR;2.00;1.00;2.00;2.00;2.00;1.00;1.00;1.00;1.00;1.00;.01;Ampla concorrência;30;717.97;.00;2020-01-27T00:45:25;Candidatos autodeclarados pretos, pardos ou indígenas que, independentemente da renda (art. 14, II, Portaria Normativa nº 18/2012), tenham cursado integralmente o ensino médio em escolas públicas (Lei nº 12.711/2012).;6;646.60;.00;2020-01-27T00:45:25;Candidatos autodeclarados pretos, pardos ou indígenas, com renda familiar bruta per capita igual ou inferior a 1,5 salário mínimo e que tenham cursado integralmente o ensino médio em escolas públicas (Lei nº 12.711/2012).;6;638.81;.00;2020-01-27T00:45:25;Candidatos com deficiência que tenham renda familiar bruta per capita igual ou inferior a 1,5 salário mínimo e que tenham cursado integralmente o ensino médio em escolas públicas (Lei nº 12.711/2012).;1;459.37;.00;2020-01-27T00:45:25;Candidatos com deficiência que, independentemente da renda (art. 14, II, Portaria Normativa nº 18/2012), tenham cursado integralmente o ensino médio em escolas públicas (Lei nº 12.711/2012).;1;.00;.00;2020-01-27T00:45:25;Candidatos com renda familiar bruta per capita igual ou inferior a 1,5 salário mínimo que tenham cursado integralmente o ensino médio em escolas públicas (Lei nº 12.711/2012).;8;675.63;.00;2020-01-27T00:45:25;Candidatos que, independentemente da renda (art. 14, II, Portaria Normativa nº 18/2012), tenham cursado integralmente o ensino médio em escolas públicas (Lei nº 12.711/2012).;8;692.28;.00;2020-01-27T00:45:25
116246;EDUCAÇÃO FÍSICA;Bacharelado;Integral;30;UNIDADE SEDE;São Carlos;SP;UNIVERSIDADE FEDERAL DE SÃO CARLOS;UFSCAR;1.00;1.00;2.00;1.00;1.00;1.00;1.00;1.00;1.00;1.00;.01;Ampla concorrência;15;678.33;.00;2020-01-27T00:45:25;Candidatos autodeclarados pretos, pardos ou indígenas que, independentemente da renda (art. 14, II, Portaria Normativa nº 18/2012), tenham cursado integralmente o ensino médio em escolas públicas (Lei nº 12.711/2012).;3;638.77;.00;2020-01-27T00:45:25;Candidatos autodeclarados pretos, pardos ou indígenas, com renda familiar bruta per capita igual ou inferior a 1,5 salário mínimo e que tenham cursado integralmente o ensino médio em escolas públicas (Lei nº 12.711/2012).;3;632.13;.00;2020-01-27T00:45:25;Candidatos com renda familiar bruta per capita igual ou inferior a 1,5 salário mínimo que tenham cursado integralmente o ensino médio em escolas públicas (Lei nº 12.711/2012).;5;641.60;.00;2020-01-27T00:45:25;Candidatos que, independentemente da renda (art. 14, II, Portaria Normativa nº 18/2012), tenham cursado integralmente o ensino médio em escolas públicas (Lei nº 12.711/2012).;4;663.10;.00;2020-01-27T00:45:25
116247;TRADUÇÃO E INTERPRETAÇÃO EM LÍNGUA BRASILEIRA DE SINAIS - LIBRAS/LÍNGUA PORTUGUESA;Bacharelado;Integral;30;UNIDADE SEDE;São Carlos;SP;UNIVERSIDADE FEDERAL DE SÃO CARLOS;UFSCAR;1.00;2.00;2.00;1.00;1.00;1.00;1.00;1.00;1.00;1.00;.01;Ampla concorrência;15;619.24;.00;2020-01-27T00:45:25;Candidatos autodeclarados pretos, pardos ou indígenas que, independentemente da renda (art. 14, II, Portaria Normativa nº 18/2012), tenham cursado integralmente o ensino médio em escolas públicas (Lei nº 12.711/2012).;3;606.44;.00;2020-01-27T00:45:25;Candidatos autodeclarados pretos, pardos ou indígenas, com renda familiar bruta per capita igual ou inferior a 1,5 salário mínimo e que tenham cursado integralmente o ensino médio em escolas públicas (Lei nº 12.711/2012).;3;571.06;.00;2020-01-27T00:45:25;Candidatos com renda familiar bruta per capita igual ou inferior a 1,5 salário mínimo que tenham cursado integralmente o ensino médio em escolas públicas (Lei nº 12.711/2012).;5;597.47;.00;2020-01-27T00:45:25;Candidatos que, independentemente da renda (art. 14, II, Portaria Normativa nº 18/2012), tenham cursado integralmente o ensino médio em escolas públicas (Lei nº 12.711/2012).;4;625.47;.00;2020-01-27T00:45:25
116248;ABI - MATEMÁTICA;Área Básica de Ingresso (ABI);Integral;50;UNIDADE SEDE;São Carlos;SP;UNIVERSIDADE FEDERAL DE SÃO CARLOS;UFSCAR;1.00;1.00;1.00;2.00;2.00;1.00;1.00;1.00;1.00;1.00;.01;Ampla concorrência;25;739.27;.00;2020-01-27T00:45:25;Candidatos autodeclarados pretos, pardos ou indígenas que, independentemente da renda (art. 14, II, Portaria Normativa nº 18/2012), tenham cursado integralmente o ensino médio em escolas públicas (Lei nº 12.711/2012).;5;646.09;.00;2020-01-27T00:45:25;Candidatos autodeclarados pretos, pardos ou indígenas, com renda familiar bruta per capita igual ou inferior a 1,5 salário mínimo e que tenham cursado integralmente o ensino médio em escolas públicas (Lei nº 12.711/2012).;5;661.64;.00;2020-01-27T00:45:25;Candidatos com deficiência que tenham renda familiar bruta per capita igual ou inferior a 1,5 salário mínimo e que tenham cursado integralmente o ensino médio em escolas públicas (Lei nº 12.711/2012).;1;591.77;.00;2020-01-27T00:45:25;Candidatos com deficiência que, independentemente da renda (art. 14, II, Portaria Normativa nº 18/2012), tenham cursado integralmente o ensino médio em escolas públicas (Lei nº 12.711/2012).;1;.00;.00;2020-01-27T00:45:25;Candidatos com renda familiar bruta per capita igual ou inferior a 1,5 salário mínimo que tenham cursado integralmente o ensino médio em escolas públicas (Lei nº 12.711/2012).;7;676.06;.00;2020-01-27T00:45:25;Candidatos que, independentemente da renda (art. 14, II, Portaria Normativa nº 18/2012), tenham cursado integralmente o ensino médio em escolas públicas (Lei nº 12.711/2012).;6;711.99;.00;2020-01-27T00:45:25
116249;ABI - FILOSOFIA;Área Básica de Ingresso (ABI);Noturno;36;UNIDADE SEDE;São Carlos;SP;UNIVERSIDADE FEDERAL DE SÃO CARLOS;UFSCAR;1.00;2.00;2.00;1.00;2.00;1.00;1.00;1.00;1.00;1.00;.01;Ampla concorrência;18;689.94;.00;2020-01-27T00:45:25;Candidatos autodeclarados pretos, pardos ou indígenas que, independentemente da renda (art. 14, II, Portaria Normativa nº 18/2012), tenham cursado integralmente o ensino médio em escolas públicas (Lei nº 12.711/2012).;4;656.79;.00;2020-01-27T00:45:25;Candidatos autodeclarados pretos, pardos ou indígenas, com renda familiar bruta per capita igual ou inferior a 1,5 salário mínimo e que tenham cursado integralmente o ensino médio em escolas públicas (Lei nº 12.711/2012).;4;621.49;.00;2020-01-27T00:45:25;Candidatos com renda familiar bruta per capita igual ou inferior a 1,5 salário mínimo que tenham cursado integralmente o ensino médio em escolas públicas (Lei nº 12.711/2012).;5;664.59;.00;2020-01-27T00:45:25;Candidatos que, independentemente da renda (art. 14, II, Portaria Normativa nº 18/2012), tenham cursado integralmente o ensino médio em escolas públicas (Lei nº 12.711/2012).;5;652.60;.00;2020-01-27T00:45:25
116250;ABI - FÍSICA;Área Básica de Ingresso (ABI);Integral;50;UNIDADE SEDE;São Carlos;SP;UNIVERSIDADE FEDERAL DE SÃO CARLOS;UFSCAR;2.00;1.00;1.00;2.00;2.00;1.00;1.00;1.00;1.00;1.00;.01;Ampla concorrência;25;741.99;.00;2020-01-27T00:45:25;Candidatos autodeclarados pretos, pardos ou indígenas que, independentemente da renda (art. 14, II, Portaria Normativa nº 18/2012), tenham cursado integralmente o ensino médio em escolas públicas (Lei nº 12.711/2012).;5;642.79;.00;2020-01-27T00:45:25;Candidatos autodeclarados pretos, pardos ou indígenas, com renda familiar bruta per capita igual ou inferior a 1,5 salário mínimo e que tenham cursado integralmente o ensino médio em escolas públicas (Lei nº 12.711/2012).;5;645.28;.00;2020-01-27T00:45:25;Candidatos com deficiência que tenham renda familiar bruta per capita igual ou inferior a 1,5 salário mínimo e que tenham cursado integralmente o ensino médio em escolas públicas (Lei nº 12.711/2012).;1;.00;.00;2020-01-27T00:45:25;Candidatos com deficiência que, independentemente da renda (art. 14, II, Portaria Normativa nº 18/2012), tenham cursado integralmente o ensino médio em escolas públicas (Lei nº 12.711/2012).;1;577.56;.00;2020-01-27T00:45:25;Candidatos com renda familiar bruta per capita igual ou inferior a 1,5 salário mínimo que tenham cursado integralmente o ensino médio em escolas públicas (Lei nº 12.711/2012).;7;664.63;.00;2020-01-27T00:45:25;Candidatos que, independentemente da renda (art. 14, II, Portaria Normativa nº 18/2012), tenham cursado integralmente o ensino médio em escolas públicas (Lei nº 12.711/2012).;6;708.75;.00;2020-01-27T00:45:25
116251;ENGENHARIA DE ALIMENTOS;Bacharelado;Integral;50;CAMPUS DE BURI - LAGOA DO SINO;Buri;SP;UNIVERSIDADE FEDERAL DE SÃO CARLOS;UFSCAR;2.00;1.00;2.00;2.00;2.00;1.00;1.00;1.00;1.00;1.00;.01;Ampla concorrência;25;704.42;.00;2020-01-27T00:45:25;Candidatos autodeclarados pretos, pardos ou indígenas que, independentemente da renda (art. 14, II, Portaria Normativa nº 18/2012), tenham cursado integralmente o ensino médio em escolas públicas (Lei nº 12.711/2012).;5;601.54;.00;2020-01-27T00:45:25;Candidatos autodeclarados pretos, pardos ou indígenas, com renda familiar bruta per capita igual ou inferior a 1,5 salário mínimo e que tenham cursado integralmente o ensino médio em escolas públicas (Lei nº 12.711/2012).;5;624.86;.00;2020-01-27T00:45:25;Candidatos com deficiência que tenham renda familiar bruta per capita igual ou inferior a 1,5 salário mínimo e que tenham cursado integralmente o ensino médio em escolas públicas (Lei nº 12.711/2012).;1;.00;.00;2020-01-27T00:45:25;Candidatos com deficiência que, independentemente da renda (art. 14, II, Portaria Normativa nº 18/2012), tenham cursado integralmente o ensino médio em escolas públicas (Lei nº 12.711/2012).;1;.00;.00;2020-01-27T00:45:25;Candidatos com renda familiar bruta per capita igual ou inferior a 1,5 salário mínimo que tenham cursado integralmente o ensino médio em escolas públicas (Lei nº 12.711/2012).;7;621.67;.00;2020-01-27T00:45:25;Candidatos que, independentemente da renda (art. 14, II, Portaria Normativa nº 18/2012), tenham cursado integralmente o ensino médio em escolas públicas (Lei nº 12.711/2012).;6;641.62;.00;2020-01-27T00:45:25
116252;ENGENHARIA AMBIENTAL;Bacharelado;Integral;50;CAMPUS DE BURI - LAGOA DO SINO;Buri;SP;UNIVERSIDADE FEDERAL DE SÃO CARLOS;UFSCAR;2.00;1.00;2.00;2.00;2.00;1.00;1.00;1.00;1.00;1.00;.01;Ampla concorrência;25;702.00;.00;2020-01-27T00:45:25;Candidatos autodeclarados pretos, pardos ou indígenas que, independentemente da renda (art. 14, II, Portaria Normativa nº 18/2012), tenham cursado integralmente o ensino médio em escolas públicas (Lei nº 12.711/2012).;5;594.84;.00;2020-01-27T00:45:25;Candidatos autodeclarados pretos, pardos ou indígenas, com renda familiar bruta per capita igual ou inferior a 1,5 salário mínimo e que tenham cursado integralmente o ensino médio em escolas públicas (Lei nº 12.711/2012).;5;613.59;.00;2020-01-27T00:45:25;Candidatos com deficiência que tenham renda familiar bruta per capita igual ou inferior a 1,5 salário mínimo e que tenham cursado integralmente o ensino médio em escolas públicas (Lei nº 12.711/2012).;1;.00;.00;2020-01-27T00:45:25;Candidatos com deficiência que, independentemente da renda (art. 14, II, Portaria Normativa nº 18/2012), tenham cursado integralmente o ensino médio em escolas públicas (Lei nº 12.711/2012).;1;.00;.00;2020-01-27T00:45:25;Candidatos com renda familiar bruta per capita igual ou inferior a 1,5 salário mínimo que tenham cursado integralmente o ensino médio em escolas públicas (Lei nº 12.711/2012).;7;647.33;.00;2020-01-27T00:45:25;Candidatos que, independentemente da renda (art. 14, II, Portaria Normativa nº 18/2012), tenham cursado integralmente o ensino médio em escolas públicas (Lei nº 12.711/2012).;6;670.71;.00;2020-01-27T00:45:25
116253;ENGENHARIA AGRONÔMICA;Bacharelado;Integral;50;CAMPUS DE BURI - LAGOA DO SINO;Buri;SP;UNIVERSIDADE FEDERAL DE SÃO CARLOS;UFSCAR;2.00;1.00;2.00;2.00;2.00;1.00;1.00;1.00;1.00;1.00;.01;Ampla concorrência;25;678.71;.00;2020-01-27T00:45:25;Candidatos autodeclarados pretos, pardos ou indígenas que, independentemente da renda (art. 14, II, Portaria Normativa nº 18/2012), tenham cursado integralmente o ensino médio em escolas públicas (Lei nº 12.711/2012).;5;608.68;.00;2020-01-27T00:45:25;Candidatos autodeclarados pretos, pardos ou indígenas, com renda familiar bruta per capita igual ou inferior a 1,5 salário mínimo e que tenham cursado integralmente o ensino médio em escolas públicas (Lei nº 12.711/2012).;5;606.36;.00;2020-01-27T00:45:25;Candidatos com deficiência que tenham renda familiar bruta per capita igual ou inferior a 1,5 salário mínimo e que tenham cursado integralmente o ensino médio em escolas públicas (Lei nº 12.711/2012).;1;565.43;.00;2020-01-27T00:45:25;Candidatos com deficiência que, independentemente da renda (art. 14, II, Portaria Normativa nº 18/2012), tenham cursado integralmente o ensino médio em escolas públicas (Lei nº 12.711/2012).;1;401.32;.00;2020-01-27T00:45:25;Candidatos com renda familiar bruta per capita igual ou inferior a 1,5 salário mínimo que tenham cursado integralmente o ensino médio em escolas públicas (Lei nº 12.711/2012).;7;625.80;.00;2020-01-27T00:45:25;Candidatos que, independentemente da renda (art. 14, II, Portaria Normativa nº 18/2012), tenham cursado integralmente o ensino médio em escolas públicas (Lei nº 12.711/2012).;6;668.31;.00;2020-01-27T00:45:25
116254;CIÊNCIAS BIOLÓGICAS;Bacharelado;Integral;40;CAMPUS DE BURI - LAGOA DO SINO;Buri;SP;UNIVERSIDADE FEDERAL DE SÃO CARLOS;UFSCAR;2.00;1.00;2.00;2.00;2.00;1.00;1.00;1.00;1.00;1.00;.01;Ampla concorrência;20;688.62;.00;2020-01-27T00:45:25;Candidatos autodeclarados pretos, pardos ou indígenas que, independentemente da renda (art. 14, II, Portaria Normativa nº 18/2012), tenham cursado integralmente o ensino médio em escolas públicas (Lei nº 12.711/2012).;4;615.98;.00;2020-01-27T00:45:25;Candidatos autodeclarados pretos, pardos ou indígenas, com renda familiar bruta per capita igual ou inferior a 1,5 salário mínimo e que tenham cursado integralmente o ensino médio em escolas públicas (Lei nº 12.711/2012).;4;630.54;.00;2020-01-27T00:45:25;Candidatos com renda familiar bruta per capita igual ou inferior a 1,5 salário mínimo que tenham cursado integralmente o ensino médio em escolas públicas (Lei nº 12.711/2012).;6;646.06;.00;2020-01-27T00:45:25;Candidatos que, independentemente da renda (art. 14, II, Portaria Normativa nº 18/2012), tenham cursado integralmente o ensino médio em escolas públicas (Lei nº 12.711/2012).;6;662.37;.00;2020-01-27T00:45:25
116255;ADMINISTRAÇÃO;Bacharelado;Integral;50;CAMPUS DE BURI - LAGOA DO SINO;Buri;SP;UNIVERSIDADE FEDERAL DE SÃO CARLOS;UFSCAR;2.00;1.00;2.00;2.00;2.00;1.00;1.00;1.00;1.00;1.00;.01;Ampla concorrência;25;695.32;.00;2020-01-27T00:45:25;Candidatos autodeclarados pretos, pardos ou indígenas que, independentemente da renda (art. 14, II, Portaria Normativa nº 18/2012), tenham cursado integralmente o ensino médio em escolas públicas (Lei nº 12.711/2012).;5;615.93;.00;2020-01-27T00:45:25;Candidatos autodeclarados pretos, pardos ou indígenas, com renda familiar bruta per capita igual ou inferior a 1,5 salário mínimo e que tenham cursado integralmente o ensino médio em escolas públicas (Lei nº 12.711/2012).;5;623.09;.00;2020-01-27T00:45:25;Candidatos com deficiência que tenham renda familiar bruta per capita igual ou inferior a 1,5 salário mínimo e que tenham cursado integralmente o ensino médio em escolas públicas (Lei nº 12.711/2012).;1;573.08;.00;2020-01-27T00:45:25;Candidatos com deficiência que, independentemente da renda (art. 14, II, Portaria Normativa nº 18/2012), tenham cursado integralmente o ensino médio em escolas públicas (Lei nº 12.711/2012).;1;528.81;.00;2020-01-27T00:45:25;Candidatos com renda familiar bruta per capita igual ou inferior a 1,5 salário mínimo que tenham cursado integralmente o ensino médio em escolas públicas (Lei nº 12.711/2012).;7;634.23;.00;2020-01-27T00:45:25;Candidatos que, independentemente da renda (art. 14, II, Portaria Normativa nº 18/2012), tenham cursado integralmente o ensino médio em escolas públicas (Lei nº 12.711/2012).;6;669.10;.00;2020-01-27T00:45:25
